# Blender 4.5.0
# www.blender.org
mtllib tripo_convert_179af288-6e8e-4983-8e71-20b19750dc94.mtl
o tripo_node_179af288-6e8e-4983-8e71-20b19750dc94
v 0.069109 0.445587 -0.267179
v 0.067305 0.455476 -0.257975
v 0.070921 0.430669 -0.233992
v 0.068791 0.453271 -0.227652
v 0.056404 0.475488 -0.211413
v 0.067547 0.434729 -0.256334
v 0.023876 0.432193 -0.289521
v 0.025951 0.428976 -0.294983
v 0.020725 0.464868 -0.307411
v 0.050313 0.460811 -0.289329
v 0.028752 0.423265 -0.305779
v 0.020113 0.418485 -0.308779
v 0.201576 -0.357954 -0.351659
v 0.199019 -0.357973 -0.131514
v -0.199386 -0.358079 -0.136077
v -0.192191 -0.360784 -0.353618
v -0.028732 0.404698 -0.298328
v -0.039990 0.430341 -0.298052
v -0.049896 0.446542 -0.279342
v -0.049619 0.444658 -0.281750
v -0.048718 0.453373 -0.286357
v -0.049009 0.446996 -0.278738
v -0.055099 0.448295 -0.270486
v -0.050855 0.452157 -0.282573
v -0.050013 0.464054 -0.289033
v -0.055426 0.455283 -0.282830
v -0.052894 0.451081 -0.286550
v -0.053414 0.453336 -0.285838
v -0.053607 0.427404 -0.287913
v -0.048606 0.455386 -0.290899
v -0.043186 0.434074 -0.298571
v -0.046820 0.428448 -0.294308
v -0.005992 0.467943 -0.312214
v -0.031197 0.439780 -0.298989
v -0.020972 0.436676 -0.182724
v 0.002097 0.474232 -0.176218
v -0.029859 0.449640 -0.174257
v -0.055199 0.433970 -0.201107
v -0.057670 0.437780 -0.213460
v -0.072085 0.437596 -0.233109
v -0.060813 0.456494 -0.246506
v -0.067403 0.425076 -0.241363
v -0.070471 0.420784 -0.258216
v -0.072537 0.424548 -0.233696
v -0.050729 0.477450 -0.263981
v 0.061929 0.452921 -0.200879
v -0.072940 0.417489 -0.234391
v 0.023378 0.431580 -0.290708
v -0.073556 0.421051 -0.262608
v 0.056777 0.477224 -0.259880
v 0.057629 0.476555 -0.232797
v 0.066038 0.396871 -0.226659
v 0.066561 0.394571 -0.250188
v 0.060662 0.425837 -0.200442
v 0.059474 0.399343 -0.205121
v 0.028558 0.477821 -0.227362
v 0.037526 0.477319 -0.205494
v 0.042758 0.458236 -0.189595
v -0.018040 0.476036 -0.295329
v 0.003219 0.477825 -0.273892
v 0.050255 0.426835 -0.282184
v 0.054807 0.419683 -0.285993
v 0.034844 0.412969 -0.298179
v 0.017004 0.477875 -0.250649
v 0.036529 0.391944 -0.295831
v 0.015104 0.400727 -0.305211
v 0.217798 -0.345232 -0.362099
v 0.222513 -0.340983 -0.321491
v 0.200959 -0.359200 -0.319975
v 0.169195 -0.363237 -0.323548
v 0.177039 -0.360553 -0.364612
v 0.188712 -0.345557 -0.387812
v 0.200313 -0.359070 -0.161745
v 0.221945 -0.341634 -0.160193
v 0.215093 -0.345391 -0.121715
v 0.173805 -0.359770 -0.120394
v 0.167697 -0.363481 -0.158102
v 0.184435 -0.343176 -0.099247
v -0.215537 -0.345666 -0.125013
v -0.221789 -0.341722 -0.163135
v -0.199450 -0.359027 -0.165456
v -0.166721 -0.363325 -0.160455
v -0.173762 -0.360039 -0.122983
v -0.184828 -0.344454 -0.100716
v -0.165519 -0.361049 -0.367157
v -0.159991 -0.363674 -0.324795
v -0.194894 -0.360147 -0.319989
v -0.211568 -0.350019 -0.367037
v -0.177913 -0.347216 -0.392457
v -0.220319 -0.343714 -0.322531
v -0.058235 0.378826 -0.292829
v -0.051904 0.407749 -0.286627
v -0.040443 0.416984 -0.296940
v -0.039089 0.440301 -0.296616
v -0.039723 0.444722 -0.295588
v -0.038809 0.447823 -0.296041
v -0.053536 0.416434 -0.289716
v -0.048388 0.444888 -0.281441
v -0.047742 0.445489 -0.281350
v -0.049607 0.445505 -0.281085
v -0.051718 0.445523 -0.280785
v -0.049521 0.445688 -0.284012
v -0.048806 0.451299 -0.283343
v -0.049912 0.453904 -0.283211
v -0.049053 0.449548 -0.275961
v -0.047809 0.448690 -0.280049
v -0.056400 0.448199 -0.269598
v -0.051551 0.447600 -0.273559
v -0.049533 0.454962 -0.283276
v -0.051285 0.452502 -0.281217
v -0.049671 0.451298 -0.281213
v -0.062754 0.471180 -0.274765
v -0.031416 0.477750 -0.266793
v -0.053650 0.454166 -0.282062
v -0.071363 0.432366 -0.274534
v -0.052795 0.448527 -0.286387
v -0.048682 0.429258 -0.290964
v -0.052049 0.420884 -0.286233
v -0.054099 0.420072 -0.284917
v -0.047883 0.458473 -0.294521
v -0.044602 0.455007 -0.296807
v -0.049733 0.449312 -0.282406
v -0.030743 0.459987 -0.302555
v -0.041322 0.451541 -0.299092
v -0.054917 0.418967 -0.286196
v -0.010821 0.421710 -0.314770
v -0.020151 0.461407 -0.176945
v -0.039319 0.461791 -0.187902
v -0.030915 0.415790 -0.183358
v -0.010703 0.413339 -0.173481
v -0.003666 0.452252 -0.169063
v 0.021752 0.469104 -0.179284
v 0.012960 0.477601 -0.197650
v -0.008458 0.476935 -0.187351
v 0.021122 0.441282 -0.175129
v -0.057571 0.439028 -0.214286
v -0.057356 0.438239 -0.213605
v -0.059190 0.440313 -0.215060
v -0.066773 0.431328 -0.233154
v -0.068429 0.428373 -0.234664
v -0.069303 0.431654 -0.234697
v -0.059159 0.456893 -0.246800
v -0.059900 0.454448 -0.247037
v -0.060387 0.456674 -0.246059
v -0.071295 0.418475 -0.238257
v -0.071210 0.418399 -0.235228
v -0.069171 0.420192 -0.258908
v -0.070852 0.424627 -0.261180
v -0.074534 0.422879 -0.261517
v -0.069778 0.419952 -0.261818
v -0.071727 0.419762 -0.262763
v -0.069178 0.419678 -0.234890
v -0.071551 0.418746 -0.237594
v -0.070225 0.417835 -0.236935
v -0.071472 0.416679 -0.235872
v -0.069650 0.467078 -0.262531
v -0.045447 0.477734 -0.237675
v -0.014990 0.477899 -0.242987
v -0.078809 0.373956 -0.241058
v -0.073462 0.380771 -0.224152
v -0.067313 0.407289 -0.228938
v 0.023257 0.430793 -0.292709
v 0.023061 0.430627 -0.292717
v -0.111681 0.353070 -0.241955
v -0.105814 0.355894 -0.210387
v -0.096265 0.358622 -0.188749
v -0.070054 0.383675 -0.211630
v -0.076257 0.354933 -0.169321
v -0.055756 0.380023 -0.193454
v -0.072476 0.415131 -0.221238
v -0.040408 0.354809 -0.149821
v -0.032864 0.375948 -0.178156
v -0.008605 0.357773 -0.140105
v -0.008186 0.377844 -0.166841
v 0.024377 0.355614 -0.143653
v 0.018462 0.375890 -0.170003
v 0.016912 0.405457 -0.179601
v 0.047210 0.374492 -0.183899
v 0.039402 0.401487 -0.192770
v 0.041906 0.430630 -0.188628
v 0.069654 0.377182 -0.198641
v 0.065681 0.355100 -0.164113
v 0.090558 0.358965 -0.185664
v 0.104064 0.356915 -0.211144
v 0.079418 0.374247 -0.221144
v 0.110095 0.353716 -0.248266
v 0.082689 0.370561 -0.248451
v 0.105706 0.355879 -0.284451
v 0.080722 0.372436 -0.273873
v 0.066281 0.393141 -0.269278
v 0.071554 0.423267 -0.270879
v 0.070150 0.371776 -0.293428
v 0.056132 0.391757 -0.284853
v 0.049153 0.368937 -0.309086
v 0.094543 0.355965 -0.308033
v 0.071048 0.352360 -0.329593
v 0.029640 0.352207 -0.351957
v 0.021008 0.370615 -0.322103
v -0.004420 0.354745 -0.358204
v -0.003676 0.379883 -0.320869
v 0.039608 0.330949 -0.396926
v -0.004414 0.336280 -0.405580
v -0.051593 0.330615 -0.391042
v -0.039519 0.354753 -0.340176
v -0.114510 0.334361 -0.351990
v -0.080122 0.354131 -0.319901
v -0.137302 0.339537 -0.327391
v -0.099524 0.357357 -0.300997
v -0.073646 0.376173 -0.283552
v -0.062557 0.408680 -0.278732
v -0.107687 0.354952 -0.277381
v -0.078334 0.374962 -0.264933
v -0.067616 0.407815 -0.263056
v -0.148505 0.336092 -0.298688
v -0.154350 0.332601 -0.240180
v -0.199112 0.281882 -0.323352
v -0.203860 0.274390 -0.237128
v -0.198433 0.282746 -0.163456
v -0.145264 0.338049 -0.189953
v -0.184539 0.287730 -0.124858
v -0.132458 0.340779 -0.162746
v -0.142824 0.281198 -0.097916
v -0.108874 0.335285 -0.138194
v -0.063046 0.280979 -0.057267
v -0.050311 0.332961 -0.102937
v -0.006747 0.289683 -0.036188
v -0.008116 0.336887 -0.089419
v 0.046857 0.283643 -0.050768
v 0.034578 0.333351 -0.095601
v 0.130234 0.279995 -0.090671
v 0.100038 0.332440 -0.128365
v 0.181111 0.286149 -0.121186
v 0.132288 0.338356 -0.157099
v 0.198774 0.282063 -0.163179
v 0.147989 0.336311 -0.188684
v 0.204083 0.273650 -0.245853
v 0.156137 0.331311 -0.247762
v 0.200108 0.279616 -0.328955
v 0.148827 0.335923 -0.305415
v 0.183581 0.283718 -0.369775
v 0.134261 0.337601 -0.334644
v 0.137192 0.278771 -0.397720
v 0.104824 0.332378 -0.360656
v 0.052214 0.283957 -0.437487
v 0.155635 0.201963 -0.420678
v 0.060691 0.206873 -0.465513
v -0.003098 0.211347 -0.489077
v -0.005230 0.292882 -0.453816
v -0.070984 0.206131 -0.461217
v -0.063668 0.281913 -0.432990
v -0.166006 0.205080 -0.414336
v -0.147261 0.282490 -0.390055
v -0.215919 0.209941 -0.383214
v -0.187658 0.289007 -0.363335
v -0.228668 0.205243 -0.337394
v -0.213411 0.127038 -0.379574
v -0.220162 0.127606 -0.338042
v -0.221146 0.124015 -0.236806
v -0.232103 0.200222 -0.236064
v -0.219692 0.124846 -0.147825
v -0.228280 0.205452 -0.148898
v -0.209323 0.123592 -0.109301
v -0.212606 0.208401 -0.104041
v -0.158456 0.121511 -0.081946
v -0.163325 0.202611 -0.074357
v -0.066959 0.122047 -0.036634
v -0.068002 0.203475 -0.027631
v -0.002897 0.119405 -0.007281
v -0.003192 0.210294 -0.002022
v 0.056165 0.117337 -0.031330
v 0.053297 0.206971 -0.023006
v 0.148880 0.114685 -0.077289
v 0.148730 0.202815 -0.067513
v 0.208764 0.114756 -0.108326
v 0.210475 0.208742 -0.103327
v 0.219977 0.116764 -0.148802
v 0.227973 0.206444 -0.148846
v 0.221094 0.118924 -0.242618
v 0.232548 0.199283 -0.243792
v 0.219754 0.120234 -0.341141
v 0.230635 0.202249 -0.341423
v 0.209093 0.122245 -0.382533
v 0.211930 0.205944 -0.389208
v 0.154132 0.121125 -0.411923
v 0.218448 0.030311 -0.389930
v 0.164168 0.032252 -0.417070
v 0.073239 0.032134 -0.463043
v 0.063530 0.123889 -0.457333
v 0.001878 0.031993 -0.494670
v 0.000153 0.124757 -0.484653
v -0.074188 0.030628 -0.463070
v -0.069489 0.126418 -0.454485
v -0.169170 0.032000 -0.415821
v -0.162696 0.125089 -0.407710
v -0.220489 0.033242 -0.387561
v -0.166659 -0.033900 -0.405439
v -0.213031 -0.035023 -0.379414
v -0.219730 -0.036683 -0.335157
v -0.232251 0.030835 -0.336983
v -0.220814 -0.039099 -0.236627
v -0.233349 0.031310 -0.237059
v -0.219557 -0.037766 -0.151147
v -0.231180 0.030364 -0.148146
v -0.211314 -0.037152 -0.110630
v -0.217425 0.031700 -0.101566
v -0.161581 -0.034701 -0.083698
v -0.164853 0.031431 -0.074064
v -0.071800 -0.033084 -0.038752
v -0.073030 0.028813 -0.027857
v -0.002931 -0.030942 -0.007396
v -0.005568 0.029634 0.003212
v 0.064786 -0.033713 -0.035236
v 0.063959 0.028250 -0.023508
v 0.156717 -0.033929 -0.081026
v 0.158476 0.027556 -0.069868
v 0.210276 -0.032017 -0.109294
v 0.216087 0.028515 -0.099666
v 0.219784 -0.033308 -0.150086
v 0.232176 0.028525 -0.148507
v 0.221043 -0.036998 -0.239008
v 0.233901 0.025987 -0.240572
v 0.219930 -0.033486 -0.334999
v 0.232035 0.028969 -0.338785
v 0.212808 -0.031776 -0.379160
v 0.232901 -0.116619 -0.333139
v 0.226444 -0.116375 -0.384636
v 0.177588 -0.116743 -0.411701
v 0.166162 -0.034054 -0.405866
v 0.084705 -0.119104 -0.458643
v 0.074427 -0.032016 -0.451818
v 0.006562 -0.122322 -0.495430
v 0.001639 -0.029796 -0.484437
v -0.079995 -0.120313 -0.460929
v -0.072470 -0.033458 -0.452911
v -0.175537 -0.121210 -0.413044
v -0.082697 -0.204904 -0.447584
v -0.173631 -0.200878 -0.401593
v -0.215212 -0.198673 -0.376151
v -0.224348 -0.121236 -0.387038
v -0.219672 -0.196358 -0.331196
v -0.233143 -0.120022 -0.334045
v -0.220651 -0.193820 -0.237574
v -0.233848 -0.115527 -0.237098
v -0.219438 -0.195857 -0.153947
v -0.232925 -0.120583 -0.150690
v -0.213291 -0.197765 -0.112177
v -0.221229 -0.120842 -0.102000
v -0.172351 -0.199192 -0.089354
v -0.172606 -0.121299 -0.076928
v -0.082654 -0.202137 -0.044283
v -0.078481 -0.119151 -0.030072
v 0.001354 -0.202914 -0.007345
v 0.000005 -0.118513 0.004739
v 0.081536 -0.201427 -0.043576
v 0.074595 -0.117250 -0.028462
v 0.169598 -0.198662 -0.087826
v 0.167411 -0.116153 -0.074418
v 0.212038 -0.197387 -0.110758
v 0.219191 -0.118305 -0.101118
v 0.219713 -0.196009 -0.153046
v 0.232740 -0.118021 -0.150065
v 0.220853 -0.193907 -0.236530
v 0.233846 -0.111933 -0.237212
v 0.219751 -0.195236 -0.329016
v 0.233454 -0.276636 -0.236180
v 0.232153 -0.278298 -0.326510
v 0.228511 -0.280034 -0.375502
v 0.215611 -0.197153 -0.374711
v 0.194203 -0.283001 -0.400843
v 0.177952 -0.199347 -0.399372
v 0.108620 -0.285294 -0.445030
v 0.090023 -0.203294 -0.443950
v 0.010797 -0.289269 -0.492375
v 0.005078 -0.205919 -0.483714
v -0.097754 -0.285875 -0.450219
v 0.010862 -0.334634 -0.485994
v -0.107314 -0.324165 -0.443571
v -0.185980 -0.321087 -0.404040
v -0.186560 -0.284219 -0.404731
v -0.227692 -0.321309 -0.376974
v -0.228577 -0.281551 -0.378917
v -0.231991 -0.316451 -0.325686
v -0.232299 -0.278541 -0.328729
v -0.233754 -0.313982 -0.238726
v -0.233691 -0.275910 -0.238307
v -0.232054 -0.315480 -0.159865
v -0.231994 -0.277042 -0.156561
v -0.228555 -0.319867 -0.115763
v -0.226768 -0.278023 -0.110693
v -0.191225 -0.319071 -0.090338
v -0.189299 -0.282085 -0.088564
v -0.113048 -0.322193 -0.050186
v -0.101425 -0.285192 -0.043270
v 0.002812 -0.334012 -0.003943
v -0.000844 -0.289416 0.003106
v 0.113721 -0.321652 -0.050512
v 0.100149 -0.284449 -0.042870
v 0.189365 -0.318666 -0.089272
v 0.186172 -0.282414 -0.086848
v 0.227413 -0.320041 -0.113504
v 0.225074 -0.281168 -0.109096
v 0.232016 -0.315829 -0.158047
v 0.231707 -0.278754 -0.155518
v 0.233905 -0.313756 -0.236348
v 0.223517 -0.341633 -0.236489
v 0.232285 -0.315102 -0.323495
v 0.229495 -0.319843 -0.370887
v 0.195478 -0.319520 -0.399147
v 0.124618 -0.348635 -0.418376
v 0.121488 -0.321983 -0.437399
v 0.008817 -0.359114 -0.457328
v 0.121730 -0.361763 -0.384959
v 0.006264 -0.363425 -0.417667
v -0.109292 -0.361805 -0.390020
v -0.111010 -0.349033 -0.425185
v 0.006047 -0.364569 -0.364861
v -0.103455 -0.364366 -0.340470
v -0.094372 -0.364748 -0.233310
v -0.159835 -0.363857 -0.236464
v 0.003604 -0.364898 -0.228367
v 0.001793 -0.364689 -0.114753
v -0.109400 -0.364149 -0.143440
v 0.115013 -0.364262 -0.337746
v 0.101669 -0.364726 -0.230845
v 0.112997 -0.364128 -0.142825
v 0.118321 -0.361021 -0.098364
v 0.001171 -0.363369 -0.068682
v 0.163306 -0.363680 -0.234256
v 0.200611 -0.359375 -0.235925
v 0.000800 -0.358389 -0.031352
v -0.117503 -0.347015 -0.067826
v -0.115875 -0.361272 -0.098891
v 0.118182 -0.347039 -0.068099
v -0.197403 -0.360344 -0.237857
v -0.222632 -0.343155 -0.238608
v -0.025204 0.477573 -0.204536
v 0.000848 0.477885 -0.217741
v -0.057847 0.440814 -0.215633
v -0.057216 0.440050 -0.214581
v -0.056725 0.439456 -0.213763
v -0.056349 0.439001 -0.213136
v -0.057892 0.436108 -0.213894
v -0.049011 0.449333 -0.281822
v -0.048152 0.449359 -0.281129
v -0.049331 0.450287 -0.280392
v -0.050631 0.452756 -0.281313
v -0.049004 0.450547 -0.279107
v -0.050645 0.450882 -0.278980
v -0.051372 0.450450 -0.279996
v -0.051674 0.451657 -0.280921
v -0.049962 0.454419 -0.282625
v -0.051322 0.453691 -0.281908
v -0.048027 0.449464 -0.281268
v -0.049997 0.449404 -0.279577
v 0.022408 0.429946 -0.292492
v 0.247994 -0.220089 -0.068998
v 0.255022 -0.471141 -0.031602
v 0.076505 -0.475106 0.118648
v 0.054938 -0.470114 0.300726
v 0.188546 -0.477081 0.193178
v 0.283581 -0.477057 0.194024
v 0.450404 -0.473565 0.108340
v 0.430222 -0.475835 0.297731
v 0.273473 -0.474576 0.400854
v 0.038791 -0.114741 0.334056
v 0.264930 0.357396 0.252293
v 0.324833 0.326206 0.210562
v 0.202026 0.357772 0.185352
v 0.247435 -0.134535 -0.055392
v 0.295291 -0.132662 -0.036412
v 0.300130 -0.219637 -0.039639
v 0.297239 -0.283224 -0.035671
v 0.250637 -0.285443 -0.056265
v 0.206091 -0.288336 -0.031510
v 0.196574 -0.218994 -0.036016
v 0.226338 -0.472640 -0.012689
v 0.213758 -0.452929 -0.036087
v 0.255116 -0.455909 -0.052751
v 0.296439 -0.451638 -0.036092
v 0.284829 -0.472137 -0.013388
v 0.257526 -0.476376 0.025039
v 0.197000 -0.138268 -0.026220
v 0.054009 -0.469550 0.099402
v 0.083756 -0.470866 0.067297
v 0.106772 -0.476290 0.104843
v 0.130077 -0.477059 0.183174
v 0.080309 -0.475501 0.177540
v 0.049399 -0.469112 0.174635
v 0.037701 -0.455554 0.308661
v 0.032580 -0.451271 0.265482
v 0.053600 -0.470042 0.265732
v 0.082722 -0.475407 0.268306
v 0.074828 -0.473157 0.314289
v 0.058283 -0.456727 0.335086
v 0.198084 -0.477055 0.102601
v 0.205610 -0.477037 0.293289
v 0.124319 -0.476791 0.277259
v 0.332285 -0.476854 0.079731
v 0.415461 -0.476010 0.095610
v 0.385386 -0.476985 0.178250
v 0.389271 -0.476928 0.272318
v 0.309033 -0.476931 0.309718
v 0.248753 -0.475893 0.381942
v 0.441151 -0.475077 0.173101
v 0.439701 -0.463947 0.059845
v 0.472940 -0.461090 0.088204
v 0.473619 -0.463885 0.169923
v 0.400310 -0.475297 0.316080
v 0.434695 -0.475528 0.262035
v 0.451656 -0.471308 0.312059
v 0.414652 -0.467861 0.343013
v 0.467018 -0.467487 0.263223
v 0.265802 -0.467082 0.430236
v 0.228166 -0.468469 0.419390
v 0.324714 -0.475026 0.362516
v 0.336607 -0.466022 0.392092
v 0.027485 -0.103872 0.302478
v 0.037987 -0.171381 0.301482
v 0.050110 -0.169389 0.331133
v 0.272366 0.337956 0.264141
v 0.295738 0.340824 0.249960
v 0.281950 0.358229 0.234367
v 0.243543 0.358373 0.240474
v 0.238584 0.337737 0.263622
v 0.263559 0.358644 0.213435
v 0.322890 0.267940 0.202240
v 0.320444 0.270160 0.177226
v 0.324179 0.341863 0.191437
v 0.302155 0.358484 0.212702
v 0.318401 0.343249 0.234556
v 0.320698 0.268267 0.228325
v 0.265183 0.328926 0.129930
v 0.241588 0.343524 0.134985
v 0.264564 0.358596 0.169030
v 0.287197 0.339891 0.142439
v 0.217787 0.358422 0.217077
v 0.242447 0.358641 0.189792
v 0.220324 0.347952 0.149375
v 0.215970 0.330048 0.249327
v 0.221384 0.284765 0.245520
v 0.257410 0.276531 0.263459
v 0.276251 0.227054 0.323944
v 0.332069 0.219817 0.309742
v 0.282431 0.268373 0.256700
v 0.237412 0.230514 0.315793
v 0.243423 0.183643 0.401994
v 0.295899 0.177056 0.391785
v 0.186459 0.232002 0.280908
v 0.186493 0.178322 0.373662
v 0.201394 0.105181 0.420401
v 0.253260 0.108468 0.446449
v 0.104549 0.183869 0.318709
v 0.115587 0.107874 0.367967
v 0.132757 0.019859 0.386701
v 0.213665 0.024926 0.438254
v 0.063406 0.101302 0.338731
v 0.068405 0.019912 0.345978
v 0.086190 -0.084608 0.363587
v 0.155639 -0.075979 0.398865
v 0.040186 -0.040821 0.318926
v 0.167646 -0.150846 0.402776
v 0.228259 -0.138797 0.439503
v 0.223208 -0.075521 0.438798
v 0.093668 -0.158774 0.358196
v 0.087335 -0.239389 0.367550
v 0.166244 -0.230879 0.414851
v 0.045320 -0.241449 0.342244
v 0.054045 -0.319728 0.333680
v 0.094674 -0.317379 0.358685
v 0.025467 -0.242144 0.306634
v 0.038409 -0.319553 0.307273
v 0.026919 -0.392983 0.311357
v 0.047565 -0.394478 0.341992
v 0.023698 -0.241202 0.257994
v 0.036505 -0.317499 0.259310
v 0.025262 -0.389592 0.264936
v 0.024927 -0.424327 0.265729
v 0.027192 -0.428859 0.312383
v 0.035443 -0.310524 0.167557
v 0.023772 -0.386656 0.167845
v 0.023202 -0.422170 0.170283
v 0.029896 -0.450358 0.172569
v 0.026527 -0.388767 0.092155
v 0.026369 -0.425343 0.092141
v 0.035343 -0.453096 0.094106
v 0.063192 -0.425632 0.045515
v 0.070371 -0.452349 0.050770
v 0.133374 -0.423572 0.001855
v 0.140138 -0.453924 0.008700
v 0.158278 -0.473712 0.035328
v 0.209331 -0.424588 -0.044032
v 0.129891 -0.382129 0.004724
v 0.208162 -0.382149 -0.042334
v 0.254082 -0.379667 -0.064629
v 0.255692 -0.425356 -0.065621
v 0.298301 -0.376725 -0.042362
v 0.299699 -0.421747 -0.043402
v 0.378414 -0.368705 0.007596
v 0.379068 -0.416583 0.001807
v 0.374479 -0.449085 0.006459
v 0.359440 -0.472224 0.029971
v 0.451909 -0.414132 0.045265
v 0.448817 -0.442543 0.046625
v 0.488687 -0.412882 0.087024
v 0.486049 -0.441188 0.085233
v 0.492287 -0.412204 0.167314
v 0.489596 -0.441470 0.168212
v 0.490614 -0.417228 0.266405
v 0.485872 -0.446675 0.264579
v 0.480137 -0.421209 0.331734
v 0.470435 -0.454057 0.326329
v 0.427581 -0.419350 0.363885
v 0.424055 -0.448088 0.359895
v 0.342602 -0.417860 0.413557
v 0.342796 -0.446326 0.408340
v 0.274028 -0.421792 0.452878
v 0.270119 -0.450207 0.446349
v 0.221162 -0.423792 0.445007
v 0.222016 -0.449962 0.437394
v 0.162732 -0.424924 0.410761
v 0.164592 -0.454523 0.400682
v 0.177338 -0.474026 0.369859
v 0.095871 -0.456570 0.358126
v 0.108588 -0.473851 0.329253
v 0.089918 -0.428246 0.367432
v 0.048713 -0.430518 0.342506
v 0.089055 -0.393331 0.366706
v 0.166129 -0.389153 0.412290
v 0.172549 -0.308277 0.405519
v 0.225215 -0.386284 0.446700
v 0.229496 -0.303065 0.439291
v 0.224807 -0.230893 0.449448
v 0.272604 -0.300516 0.442457
v 0.277021 -0.228506 0.451677
v 0.272217 -0.134520 0.444825
v 0.335547 -0.220449 0.415088
v 0.328605 -0.138212 0.411520
v 0.325537 -0.072963 0.415053
v 0.269822 -0.074158 0.448002
v 0.316244 0.023023 0.423884
v 0.262222 0.024589 0.455351
v 0.308163 0.104488 0.420677
v 0.408483 0.026233 0.372666
v 0.398384 0.102345 0.368654
v 0.373631 0.171232 0.351138
v 0.463902 0.107161 0.328813
v 0.426258 0.177554 0.314760
v 0.372963 0.220464 0.283905
v 0.448423 0.173249 0.267838
v 0.396071 0.219191 0.251553
v 0.307225 0.268553 0.241900
v 0.454760 0.165045 0.185372
v 0.404619 0.214616 0.191952
v 0.449655 0.170956 0.114487
v 0.396449 0.219250 0.140585
v 0.422798 0.169460 0.072512
v 0.374268 0.218655 0.108587
v 0.311337 0.269508 0.159566
v 0.325465 0.217160 0.076603
v 0.286982 0.267641 0.143620
v 0.311658 0.344372 0.158251
v 0.285208 0.358618 0.190135
v 0.274179 0.221149 0.055836
v 0.263096 0.270003 0.132235
v 0.241428 0.221834 0.055026
v 0.246443 0.269990 0.133568
v 0.200637 0.217545 0.069497
v 0.223088 0.269119 0.146288
v 0.142223 0.219363 0.108593
v 0.197987 0.273204 0.167875
v 0.104069 0.158614 0.057346
v 0.059674 0.160558 0.098125
v 0.117555 0.218425 0.150983
v 0.193757 0.271143 0.211586
v 0.182712 0.160055 0.010561
v 0.177386 0.086928 -0.020734
v 0.089416 0.086645 0.032772
v 0.238265 0.170079 -0.015191
v 0.240554 0.094889 -0.051568
v 0.242019 0.020786 -0.055735
v 0.186755 0.016684 -0.020931
v 0.284407 0.168251 -0.008829
v 0.287355 0.095257 -0.040411
v 0.288960 0.024030 -0.045338
v 0.293695 -0.076039 -0.039830
v 0.245854 -0.073309 -0.056310
v 0.373846 0.091215 0.006437
v 0.375776 0.022339 0.005864
v 0.375795 -0.071660 0.010395
v 0.377779 -0.133033 0.011372
v 0.459220 0.026165 0.051716
v 0.451718 -0.071760 0.055269
v 0.453322 -0.130576 0.055576
v 0.454251 -0.217480 0.052276
v 0.381082 -0.217835 0.008709
v 0.479763 -0.071843 0.098942
v 0.481648 -0.129738 0.097590
v 0.486353 -0.220273 0.095032
v 0.481962 -0.275517 0.093433
v 0.451402 -0.277279 0.051663
v 0.482531 -0.136337 0.175717
v 0.485689 -0.215900 0.174134
v 0.484483 -0.279318 0.172099
v 0.485214 -0.366826 0.169073
v 0.481482 -0.367176 0.089934
v 0.483782 -0.216442 0.271180
v 0.482786 -0.280074 0.268681
v 0.486702 -0.372494 0.267160
v 0.473294 -0.284191 0.324548
v 0.477720 -0.373776 0.328192
v 0.420013 -0.286858 0.358698
v 0.425614 -0.377956 0.363233
v 0.334444 -0.295750 0.407362
v 0.341069 -0.381521 0.413337
v 0.274900 -0.384550 0.451737
v 0.420852 -0.217332 0.362860
v 0.474736 -0.216031 0.328135
v 0.468615 -0.133036 0.328794
v 0.413937 -0.136377 0.361998
v 0.467897 -0.071730 0.330800
v 0.410655 -0.073407 0.366144
v 0.473596 0.025708 0.333184
v 0.479894 -0.067183 0.273225
v 0.486157 0.024579 0.280067
v 0.477844 0.104513 0.279977
v 0.489768 0.025379 0.180600
v 0.483026 0.094728 0.182717
v 0.487426 0.028154 0.094185
v 0.478991 0.097957 0.096893
v 0.452829 0.095748 0.055848
v 0.356715 0.162155 0.028272
v 0.481532 -0.066874 0.177437
v 0.480923 -0.131410 0.271862
v 0.452679 -0.370346 0.050931
v 0.378280 -0.282905 0.012075
v 0.192602 -0.076334 -0.026435
v 0.115805 -0.142753 0.024808
v 0.106460 -0.083711 0.021944
v 0.102302 0.007467 0.033337
v 0.048924 -0.088898 0.056404
v 0.049075 -0.000661 0.067422
v 0.039987 0.088243 0.066277
v 0.037327 -0.009865 0.110008
v 0.024702 0.079222 0.121010
v 0.050113 0.145068 0.157966
v 0.021513 0.066229 0.223362
v 0.042326 0.123719 0.260159
v 0.112121 0.215405 0.223357
v 0.024184 0.059740 0.289450
v 0.034954 -0.026755 0.193874
v 0.036877 -0.034915 0.272374
v 0.024902 -0.101714 0.176764
v 0.026186 -0.111226 0.257759
v 0.027723 -0.093545 0.102476
v 0.037810 -0.149263 0.099747
v 0.035500 -0.159445 0.169319
v 0.056659 -0.144674 0.061990
v 0.054557 -0.229417 0.050279
v 0.025261 -0.232671 0.097253
v 0.115423 -0.223193 0.012235
v 0.127460 -0.299198 0.017666
v 0.064446 -0.303352 0.057033
v 0.061588 -0.388472 0.046729
v 0.037983 -0.306113 0.096188
v 0.022315 -0.235519 0.166655
v 0.036439 -0.169618 0.254882
v 0.037892 -0.057539 0.299971
v 0.024076 0.431334 -0.292908
v 0.023080 0.429991 -0.293157
v 0.023296 0.430658 -0.292718
v 0.023683 0.431212 -0.292793
v 0.024096 0.431842 -0.292881
v 0.024311 0.431680 -0.292967
v 0.023665 0.430754 -0.292827
v 0.024236 0.430946 -0.292992
v 0.024426 0.431124 -0.293249
v 0.023467 0.430229 -0.293421
v 0.022956 0.429361 -0.293669
v 0.022690 0.429483 -0.293181
v 0.022977 0.430123 -0.292875
v 0.023449 0.430577 -0.293014
v 0.022483 0.429579 -0.292800
v 0.022273 0.429675 -0.292415
v 0.022818 0.430211 -0.292562
v 0.023324 0.430709 -0.292699
v 0.023816 0.431193 -0.292833
v 0.023933 0.430965 -0.293242
v 0.024330 0.430534 -0.293710
v 0.023810 0.430423 -0.293671
v 0.023082 0.429303 -0.293898
v 0.023131 0.429281 -0.293989
v 0.023996 0.431054 -0.293686
v 0.023165 0.431483 -0.293359
v 0.023460 0.429129 -0.294591
v 0.024375 0.430395 -0.293084
v 0.023776 0.430234 -0.292907
v 0.023287 0.430512 -0.292728
v 0.023162 0.430070 -0.292726
v 0.021521 0.428728 -0.293123
v 0.021720 0.428347 -0.293226
v 0.021438 0.428759 -0.292877
v 0.021286 0.428781 -0.293190
v 0.021257 0.428669 -0.292739
v 0.022570 0.428368 -0.293219
v 0.022544 0.428677 -0.293182
v 0.021865 0.429233 -0.292611
v 0.021830 0.429219 -0.292571
v 0.021974 0.428497 -0.293442
v 0.022143 0.428104 -0.293435
v 0.021517 0.428737 -0.293259
v 0.021525 0.428818 -0.293283
v 0.021598 0.429126 -0.292312
v 0.021290 0.428910 -0.292619
v 0.021301 0.429007 -0.291980
v 0.021101 0.429086 -0.292390
v 0.020926 0.429154 -0.292751
v 0.021121 0.428977 -0.292957
v 0.020748 0.429224 -0.293117
v 0.020927 0.429044 -0.293320
v 0.020866 0.428716 -0.293207
v 0.020840 0.428365 -0.293145
v 0.021101 0.428416 -0.292979
v 0.020553 0.429015 -0.293399
v 0.020500 0.428648 -0.293345
v 0.020454 0.428318 -0.293297
v 0.020409 0.428007 -0.293251
v 0.020742 0.428171 -0.292946
v 0.021068 0.428332 -0.292647
v 0.020591 0.429285 -0.293439
v -0.210864 0.460927 0.278442
v -0.238381 0.477514 0.277206
v -0.173843 0.435493 0.230616
v -0.173556 0.472206 0.182657
v -0.237079 0.469770 0.135403
v -0.250744 0.440734 0.134634
v -0.234966 0.435761 0.132945
v -0.299576 0.439496 0.167980
v -0.298133 0.442524 0.167287
v -0.314439 0.461269 0.210782
v -0.313851 0.452803 0.217524
v -0.309594 0.427331 0.209791
v -0.311372 0.425866 0.209066
v -0.311744 0.430265 0.210913
v -0.312683 0.428962 0.204297
v -0.313679 0.440838 0.226800
v -0.278985 0.421544 0.269659
v -0.308626 0.474220 0.238217
v -0.287406 0.452548 0.267227
v -0.233957 -0.349365 0.468095
v -0.342959 -0.364725 0.244621
v -0.133856 -0.364773 0.260853
v -0.232895 -0.342986 -0.053146
v -0.228390 0.477819 0.262694
v -0.234391 0.457312 0.290142
v -0.191023 0.460814 0.263883
v -0.216740 0.477860 0.244325
v -0.253116 0.477903 0.244508
v -0.259572 0.477178 0.265343
v -0.261732 0.458205 0.282299
v -0.183528 0.425573 0.260760
v -0.173703 0.378265 0.258279
v -0.162781 0.378556 0.234456
v -0.161234 0.377230 0.201036
v -0.167870 0.434434 0.204578
v -0.179795 0.476586 0.203318
v -0.169091 0.434990 0.176673
v -0.196825 0.476486 0.170423
v -0.204224 0.477781 0.194780
v -0.193998 0.436187 0.158864
v -0.218407 0.475405 0.153425
v -0.216993 0.437576 0.142121
v -0.254168 0.477353 0.160138
v -0.230040 0.477832 0.180085
v -0.268110 0.446008 0.145366
v -0.221602 0.385893 0.139940
v -0.242955 0.397412 0.139132
v -0.291401 0.387879 0.159259
v -0.304491 0.391202 0.169879
v -0.313424 0.462190 0.188382
v -0.278690 0.477891 0.202961
v -0.270102 0.477813 0.183254
v -0.314468 0.456244 0.236185
v -0.312071 0.467837 0.213194
v -0.307751 0.426986 0.212410
v -0.312464 0.425529 0.208510
v -0.306644 0.427323 0.211471
v -0.309762 0.402602 0.212647
v -0.302526 0.433853 0.257710
v -0.297051 0.409220 0.253368
v -0.253166 0.410143 0.280905
v -0.285447 0.477296 0.249126
v -0.282744 0.477889 0.226355
v -0.214305 -0.352356 0.454802
v -0.207812 -0.334772 0.469026
v -0.233704 -0.335250 0.480669
v -0.254240 -0.352218 0.453727
v -0.234758 -0.362062 0.433732
v -0.261447 -0.334391 0.467543
v -0.316037 -0.364769 0.181946
v -0.236790 -0.364865 0.251939
v -0.301164 -0.364746 0.306044
v -0.403760 -0.364074 0.253215
v -0.386526 -0.364389 0.149554
v -0.346563 -0.363401 0.339654
v -0.177404 -0.364764 0.313137
v -0.148386 -0.364738 0.193203
v -0.082975 -0.364336 0.274702
v -0.136272 -0.363488 0.347159
v -0.082267 -0.364257 0.171598
v -0.251254 -0.346159 -0.042048
v -0.257924 -0.321721 -0.053978
v -0.232526 -0.323328 -0.065331
v -0.206533 -0.321756 -0.052724
v -0.213616 -0.345912 -0.040821
v -0.231562 -0.359302 -0.025413
v -0.174845 -0.347476 -0.014597
v -0.197150 -0.361092 0.003625
v -0.229099 -0.363788 0.028015
v -0.263174 -0.361346 0.000635
v -0.284670 -0.348176 -0.019774
v -0.367880 -0.347659 0.032572
v -0.393079 -0.322570 0.032909
v -0.297353 -0.321581 -0.029300
v -0.333774 -0.361285 0.043959
v -0.425668 -0.362988 0.135652
v -0.461331 -0.355790 0.128178
v -0.292580 -0.364052 0.065488
v -0.159729 -0.363875 0.073659
v -0.225600 -0.364347 0.110530
v -0.118781 -0.361286 0.055758
v -0.042825 -0.362379 0.160386
v -0.086741 -0.348790 0.045323
v -0.013220 -0.353651 0.153628
v -0.012616 -0.352674 0.289541
v -0.047232 -0.362902 0.283450
v -0.080373 -0.343329 0.378329
v -0.105353 -0.359572 0.367358
v -0.162405 -0.338564 0.436803
v -0.177927 -0.357099 0.422741
v -0.201298 -0.362940 0.399353
v -0.271081 -0.362962 0.397621
v -0.236840 -0.364632 0.366368
v -0.295539 -0.356778 0.419022
v -0.380229 -0.358921 0.358659
v -0.313093 -0.338524 0.431703
v -0.406436 -0.342980 0.368104
v -0.474629 -0.347801 0.264774
v -0.446130 -0.361193 0.260883
v -0.426307 -0.316997 0.368171
v -0.490049 -0.319689 0.264788
v -0.487224 -0.327258 0.127879
v -0.490787 -0.282644 0.262809
v -0.490277 -0.286585 0.138247
v -0.413317 -0.288696 0.044666
v -0.475969 -0.217844 0.142368
v -0.428168 -0.218903 0.066581
v -0.323698 -0.221392 -0.001264
v -0.305543 -0.288716 -0.025218
v -0.262141 -0.224548 -0.039375
v -0.260683 -0.288716 -0.053785
v -0.231873 -0.225302 -0.052767
v -0.231862 -0.287924 -0.067399
v -0.200568 -0.226668 -0.036050
v -0.203189 -0.288548 -0.051891
v -0.133058 -0.227079 0.007607
v -0.148409 -0.289496 -0.016137
v -0.160062 -0.321602 -0.022539
v -0.045679 -0.292103 0.055339
v -0.063463 -0.324473 0.045059
v 0.009701 -0.293557 0.156493
v 0.006609 -0.328084 0.153451
v 0.009097 -0.291854 0.282357
v 0.005869 -0.328835 0.286156
v -0.046196 -0.287411 0.368764
v -0.062278 -0.319888 0.379220
v -0.145896 -0.282408 0.436411
v -0.153626 -0.313262 0.441321
v -0.202153 -0.279480 0.472817
v -0.204175 -0.311063 0.474349
v -0.238534 -0.278608 0.486824
v -0.236059 -0.310956 0.487945
v -0.269458 -0.279514 0.469153
v -0.265649 -0.310168 0.471645
v -0.338063 -0.280999 0.425777
v -0.324793 -0.312391 0.433976
v -0.441627 -0.282429 0.358417
v -0.354262 -0.213831 0.403449
v -0.453841 -0.213439 0.338300
v -0.476644 -0.215599 0.261363
v -0.471968 -0.135999 0.341389
v -0.491402 -0.136767 0.261304
v -0.490372 -0.138338 0.140298
v -0.477076 -0.074195 0.254484
v -0.476449 -0.078604 0.143210
v -0.451968 -0.079273 0.082314
v -0.450111 -0.138046 0.067106
v -0.355123 -0.076025 0.018492
v -0.349197 -0.140384 0.000857
v -0.272024 -0.079358 -0.033497
v -0.273256 -0.139562 -0.046282
v -0.230023 -0.079785 -0.052452
v -0.230482 -0.141546 -0.066601
v -0.187154 -0.079920 -0.027601
v -0.187051 -0.139410 -0.041383
v -0.097672 -0.076610 0.031531
v -0.106143 -0.140773 0.011733
v -0.015086 -0.081415 0.089879
v -0.015812 -0.141919 0.075253
v -0.034340 -0.227625 0.075942
v 0.009378 -0.140495 0.158850
v -0.003035 -0.228130 0.156528
v 0.008939 -0.140203 0.279327
v -0.003352 -0.225326 0.278232
v -0.017976 -0.139036 0.351577
v -0.036002 -0.222220 0.350503
v -0.111875 -0.136394 0.415363
v -0.132503 -0.218514 0.415078
v -0.192890 -0.138311 0.467323
v -0.202214 -0.215597 0.459247
v -0.242357 -0.140648 0.486746
v -0.238251 -0.214581 0.473522
v -0.289992 -0.138286 0.457503
v -0.272920 -0.214284 0.454208
v -0.382951 -0.135313 0.399271
v -0.292013 -0.077979 0.442520
v -0.389761 -0.072986 0.380551
v -0.467286 -0.074509 0.328177
v -0.406492 -0.001381 0.381496
v -0.478415 0.001196 0.334588
v -0.490796 0.002532 0.251982
v -0.469696 0.058424 0.325357
v -0.477209 0.066320 0.249014
v -0.476439 0.065067 0.145068
v -0.489219 0.002412 0.141567
v -0.459075 0.061484 0.087148
v -0.464469 0.001644 0.077128
v -0.378727 0.064853 0.033708
v -0.375775 0.002121 0.018575
v -0.282188 0.066752 -0.027297
v -0.282688 0.005413 -0.039849
v -0.230521 0.068519 -0.052615
v -0.227604 0.004077 -0.065672
v -0.176755 0.067115 -0.021375
v -0.175180 0.005440 -0.033491
v -0.083006 0.064243 0.041900
v -0.081750 -0.000377 0.030264
v -0.012513 0.065872 0.092657
v -0.003769 0.002577 0.084523
v -0.002858 0.067218 0.163176
v 0.008957 0.002969 0.160697
v -0.002779 -0.082304 0.159219
v 0.008493 0.002095 0.275359
v -0.002915 -0.083949 0.273393
v -0.013728 0.001194 0.347395
v -0.021833 -0.082031 0.341031
v -0.099011 -0.003139 0.404101
v -0.111127 -0.076026 0.401314
v -0.189464 -0.001121 0.463952
v -0.195836 -0.077498 0.455645
v -0.247201 0.000995 0.483338
v -0.240805 -0.080176 0.473428
v -0.305920 0.001822 0.446487
v -0.245406 0.064411 0.471103
v -0.308341 0.062274 0.432396
v -0.407136 0.057702 0.369733
v -0.315457 0.149875 0.439219
v -0.421400 0.151699 0.371795
v -0.483172 0.150567 0.326577
v -0.419918 0.215298 0.363326
v -0.473951 0.218600 0.317090
v -0.480626 0.211120 0.242513
v -0.490365 0.152981 0.248276
v -0.478503 0.214271 0.145930
v -0.489213 0.155996 0.141733
v -0.465090 0.217795 0.090704
v -0.472140 0.153379 0.084098
v -0.393577 0.210617 0.038965
v -0.393155 0.150608 0.031993
v -0.289868 0.213614 -0.024554
v -0.289754 0.154713 -0.034758
v -0.232945 0.219397 -0.052446
v -0.232335 0.153401 -0.065072
v -0.176123 0.216327 -0.020936
v -0.172766 0.156325 -0.030951
v -0.079811 0.221965 0.044462
v -0.072456 0.160342 0.035370
v -0.011218 0.231834 0.096988
v -0.001422 0.162876 0.085893
v -0.004992 0.225165 0.169948
v 0.009817 0.164961 0.164213
v -0.005329 0.225650 0.271402
v 0.009248 0.164497 0.276814
v -0.003144 0.066466 0.273676
v -0.009614 0.159393 0.345693
v -0.019635 0.066096 0.339135
v -0.096853 0.152341 0.403358
v -0.101759 0.066613 0.395001
v -0.191901 0.155869 0.465993
v -0.194261 0.064512 0.454570
v -0.247809 0.153814 0.482459
v -0.197410 0.218162 0.456965
v -0.247643 0.220338 0.469520
v -0.316358 0.212630 0.430295
v -0.249062 0.290582 0.436053
v -0.309916 0.281063 0.405568
v -0.400521 0.285569 0.345431
v -0.294977 0.329356 0.365706
v -0.370794 0.331825 0.314039
v -0.398283 0.335336 0.276963
v -0.445221 0.290939 0.299420
v -0.405518 0.331265 0.229384
v -0.453335 0.280051 0.236281
v -0.400449 0.334480 0.167440
v -0.449867 0.284885 0.156056
v -0.385633 0.337865 0.129813
v -0.434134 0.291409 0.104038
v -0.350843 0.332132 0.096509
v -0.378647 0.280827 0.060244
v -0.279743 0.333982 0.055394
v -0.288595 0.284068 0.005873
v -0.240731 0.340832 0.045848
v -0.236438 0.294002 -0.016475
v -0.201909 0.336132 0.053708
v -0.186309 0.287539 0.005065
v -0.133410 0.333264 0.091874
v -0.101257 0.287468 0.060550
v -0.088241 0.337933 0.131748
v -0.045108 0.301013 0.111732
v -0.073732 0.332181 0.182986
v -0.032371 0.290818 0.177744
v -0.075794 0.333313 0.259930
v -0.033915 0.292323 0.267225
v -0.096677 0.335168 0.303644
v -0.054539 0.296650 0.326252
v -0.018680 0.226407 0.338089
v -0.122367 0.283812 0.380474
v -0.102294 0.215615 0.397480
v -0.202214 0.288758 0.427701
v -0.150538 0.328482 0.350599
v -0.212678 0.335257 0.378048
v -0.248906 0.336555 0.381213
v -0.222136 0.358982 0.320327
v -0.250029 0.359845 0.320303
v -0.283761 0.354647 0.311103
v -0.250791 0.378530 0.291585
v -0.277256 0.374176 0.279684
v -0.304472 0.376120 0.261611
v -0.328898 0.355482 0.281244
v -0.315326 0.383722 0.236109
v -0.348572 0.357454 0.253173
v -0.352737 0.355514 0.218065
v -0.312701 0.388520 0.189317
v -0.350204 0.356764 0.180118
v -0.338404 0.358370 0.153557
v -0.312848 0.356359 0.133340
v -0.265851 0.387917 0.144742
v -0.272882 0.359164 0.114890
v -0.243964 0.364505 0.107873
v -0.214952 0.361356 0.111553
v -0.192234 0.382273 0.154417
v -0.171160 0.357168 0.129677
v -0.167746 0.381575 0.173491
v -0.137584 0.359586 0.157474
v -0.125933 0.355436 0.194470
v -0.127363 0.356191 0.244361
v -0.143618 0.356670 0.276078
v -0.202000 0.376432 0.276430
v -0.182531 0.354452 0.306127
v -0.228388 0.379176 0.291487
v -0.208708 0.410192 0.271002
v -0.232323 0.407365 0.281719
v -0.311448 0.412962 0.228839
v -0.246437 0.477914 0.223743
v -0.209229 0.477835 0.219789
v -0.239767 0.477892 0.203847
v -0.177566 0.475040 0.229833
v -0.314558 0.442430 0.184189
v -0.306418 0.446286 0.220665
v -0.306339 0.446688 0.220243
v -0.306168 0.445244 0.219361
v -0.306068 0.445606 0.219291
v -0.306351 0.445686 0.220056
v -0.306389 0.444936 0.220350
v -0.306436 0.445230 0.220731
v -0.306254 0.446017 0.219653
v -0.306243 0.446192 0.220086
v -0.306243 0.445528 0.220043
v -0.306138 0.446283 0.219705
v -0.305879 0.445470 0.218326
v -0.305998 0.444838 0.218610
v -0.306061 0.444303 0.218763
v -0.306231 0.444531 0.219556
v -0.306259 0.444590 0.220122
v -0.306111 0.444649 0.219338
v -0.305978 0.444520 0.218501
v -0.306192 0.443771 0.219491
v -0.306089 0.443749 0.218654
v -0.306015 0.443714 0.217787
v -0.305888 0.444417 0.217609
v -0.305739 0.445144 0.217589
v -0.305904 0.444655 0.218043
v -0.306031 0.444260 0.218382
v -0.306127 0.443690 0.218436
v -0.306121 0.443740 0.218894
v -0.306226 0.443095 0.218492
v -0.306180 0.443172 0.219026
v -0.306309 0.443310 0.219746
v -0.306270 0.443924 0.219650
v -0.306415 0.443440 0.220458
v -0.306396 0.444136 0.220408
v -0.306430 0.443697 0.220723
v -0.306444 0.444375 0.220757
v -0.306332 0.443718 0.220240
v -0.306423 0.442853 0.220731
v -0.306344 0.442919 0.220257
v -0.306275 0.442963 0.219661
v -0.306350 0.442104 0.220252
v -0.306312 0.442166 0.219755
v -0.306311 0.442225 0.219149
v -0.306188 0.442975 0.218873
v -0.306263 0.442216 0.218373
v -0.306140 0.442962 0.218081
v -0.306424 0.441446 0.219366
v -0.306382 0.441499 0.218653
v -0.306491 0.440669 0.219409
v -0.306511 0.440723 0.218956
v -0.306451 0.440012 0.219390
v -0.306490 0.440083 0.218993
v -0.306372 0.439457 0.219301
v -0.306407 0.439506 0.218920
v -0.306323 0.439059 0.219142
v -0.306328 0.438959 0.218851
v -0.306395 0.438988 0.218721
v -0.306217 0.439086 0.219091
v -0.306237 0.439503 0.219224
v -0.306507 0.439563 0.218731
v -0.306244 0.440134 0.219230
v -0.306627 0.440176 0.218741
v -0.306252 0.440752 0.219246
v -0.306608 0.440814 0.218708
v -0.306257 0.441370 0.219236
v -0.306508 0.441413 0.218651
v -0.306266 0.441983 0.219261
v -0.306407 0.442014 0.218594
v -0.306237 0.442608 0.219149
v -0.306325 0.442506 0.218548
v -0.306336 0.441949 0.219814
v -0.306343 0.442743 0.219823
v -0.306418 0.441995 0.220427
v -0.306453 0.442918 0.220565
v -0.306401 0.442024 0.220693
v -0.306389 0.441161 0.220334
v -0.306392 0.441174 0.220667
v -0.306353 0.441268 0.220270
v -0.306409 0.440403 0.220690
v -0.306408 0.440497 0.220252
v -0.306451 0.440566 0.219830
v -0.306382 0.441353 0.219799
v -0.306369 0.439834 0.220170
v -0.306412 0.439939 0.219791
v -0.306302 0.439984 0.219725
v -0.306289 0.439376 0.219663
v -0.306367 0.440494 0.220222
v -0.306307 0.440627 0.219712
v -0.306315 0.441242 0.219726
v -0.050772 0.450449 -0.280303
v -0.051077 0.449147 -0.280597
v -0.051583 0.448199 -0.280209
v -0.052851 0.447498 -0.280465
v -0.051534 0.449320 -0.280912
v -0.050946 0.449757 -0.279884
v -0.050751 0.449362 -0.280121
v -0.050768 0.448649 -0.280044
v -0.050388 0.449772 -0.280191
v -0.050007 0.449069 -0.279891
v -0.050779 0.450493 -0.280498
v -0.050655 0.450265 -0.280401
v -0.050521 0.450705 -0.280104
v -0.041220 0.451545 -0.297141
v -0.040189 0.446684 -0.295613
v -0.039972 0.445896 -0.295758
v -0.041510 0.452338 -0.297043
v -0.041445 0.452494 -0.296324
v -0.041131 0.451630 -0.296331
v -0.040830 0.450637 -0.296441
v -0.041264 0.451193 -0.298303
v -0.040148 0.446368 -0.295762
v -0.040494 0.446747 -0.295157
v -0.039686 0.446797 -0.296375
v -0.039563 0.445912 -0.296166
v -0.040089 0.447583 -0.296356
v -0.039900 0.447674 -0.296495
v -0.039656 0.444947 -0.295785
v -0.039810 0.444843 -0.295647
v -0.039834 0.445477 -0.295977
v -0.039449 0.445087 -0.295971
v -0.039886 0.446081 -0.296219
v -0.039590 0.445332 -0.296477
v -0.039588 0.445754 -0.296740
v -0.039488 0.445089 -0.296577
v -0.039349 0.445491 -0.297159
v -0.039415 0.445563 -0.297044
v -0.040157 0.448026 -0.296634
v -0.040152 0.448450 -0.296543
v -0.040282 0.449511 -0.297031
v -0.040471 0.449444 -0.296577
v -0.041740 0.452810 -0.297384
v -0.041744 0.453308 -0.296320
v -0.042221 0.454250 -0.297101
v -0.042100 0.454280 -0.296315
v -0.042292 0.454534 -0.296900
v -0.041942 0.453849 -0.296317
v -0.070577 0.418243 -0.234856
v -0.069762 0.418828 -0.234184
v -0.069021 0.418945 -0.234866
v -0.070474 0.418413 -0.235433
v -0.070256 0.418385 -0.234638
v -0.070251 0.418551 -0.233880
v -0.071337 0.417932 -0.235018
v -0.070261 0.418224 -0.235377
v -0.072106 0.417376 -0.235969
v -0.073297 0.417401 -0.234364
v -0.070246 0.418721 -0.233105
v -0.069276 0.418965 -0.233597
v -0.068113 0.419256 -0.234187
v -0.071754 0.418198 -0.261752
v -0.072601 0.417874 -0.261680
v -0.071116 0.419613 -0.260214
v -0.070805 0.419196 -0.260868
v -0.070436 0.418701 -0.261642
v -0.071370 0.417098 -0.261834
v -0.074743 0.416826 -0.262457
v -0.071427 0.420030 -0.259561
v -0.068719 0.449181 -0.273990
v -0.068093 0.445020 -0.273799
v -0.069037 0.444930 -0.273800
v -0.070777 0.445505 -0.273835
v -0.070689 0.440392 -0.273697
v -0.072734 0.441114 -0.273701
v -0.071126 0.437289 -0.272927
v -0.071251 0.435936 -0.273854
v -0.068781 0.440749 -0.273658
v -0.071363 0.437599 -0.272742
v -0.074769 0.434369 -0.271963
v -0.073830 0.433858 -0.272521
v -0.068093 0.440833 -0.273457
v -0.071951 0.438198 -0.272325
v -0.076321 0.435213 -0.271041
v -0.072971 0.433391 -0.273032
v -0.072382 0.433071 -0.273381
v -0.071247 0.436689 -0.273828
v -0.071391 0.432533 -0.273970
v -0.072061 0.436814 -0.273836
vt 0.136541 0.125345
vt 0.125854 0.124662
vt 0.128190 0.112634
vt 0.139814 0.111971
vt 0.117790 0.508675
vt 0.133266 0.505508
vt 0.134172 0.516164
vt 0.116151 0.518618
vt 0.120826 0.493252
vt 0.132725 0.495559
vt 0.129698 0.103054
vt 0.139882 0.099636
vt 0.253062 0.869529
vt 0.260350 0.863189
vt 0.266352 0.875115
vt 0.256072 0.877928
vt 0.849303 0.766738
vt 0.858030 0.765380
vt 0.859860 0.774071
vt 0.849952 0.777034
vt 0.297585 0.855906
vt 0.303557 0.873105
vt 0.289980 0.871380
vt 0.283107 0.850288
vt 0.446313 0.596920
vt 0.458441 0.597670
vt 0.458954 0.600978
vt 0.448595 0.604225
vt 0.277866 0.872841
vt 0.270262 0.856026
vt 0.440354 0.601917
vt 0.444141 0.599707
vt 0.450110 0.613690
vt 0.439902 0.609876
vt 0.010519 0.903076
vt 0.003078 0.907667
vt 0.001137 0.889251
vt 0.010965 0.888747
vt 0.025335 0.890541
vt 0.021566 0.909072
vt 0.016108 0.919452
vt 0.012806 0.803473
vt 0.012069 0.817150
vt 0.002223 0.816270
vt 0.005535 0.798908
vt 0.024279 0.798577
vt 0.026863 0.815686
vt 0.019515 0.788888
vt 0.193061 0.807569
vt 0.200380 0.802596
vt 0.202999 0.819863
vt 0.192943 0.820867
vt 0.178175 0.818454
vt 0.181541 0.801521
vt 0.429859 0.540976
vt 0.429529 0.527932
vt 0.440915 0.528176
vt 0.438241 0.545484
vt 0.188700 0.905980
vt 0.176562 0.911972
vt 0.174288 0.892785
vt 0.190093 0.890774
vt 0.197359 0.912109
vt 0.181989 0.923429
vt 0.201524 0.891990
vt 0.951403 0.823932
vt 0.937872 0.834139
vt 0.939823 0.821617
vt 0.946965 0.817838
vt 0.141652 0.121117
vt 0.141652 0.116871
vt 0.142008 0.114872
vt 0.143293 0.119642
vt 0.126235 0.115999
vt 0.124729 0.114508
vt 0.125951 0.108023
vt 0.126235 0.111428
vt 0.947843 0.811839
vt 0.940204 0.817565
vt 0.104058 0.000974
vt 0.103861 0.001498
vt 0.103590 0.001706
vt 0.103575 0.000974
vt 0.135936 0.135600
vt 0.135757 0.135354
vt 0.136470 0.134704
vt 0.136470 0.136470
vt 0.128483 0.101255
vt 0.129646 0.099416
vt 0.127894 0.102754
vt 0.127311 0.101727
vt 0.016203 0.003655
vt 0.016203 0.001982
vt 0.017059 0.003441
vt 0.016280 0.005118
vt 0.310469 0.886360
vt 0.308634 0.894838
vt 0.301268 0.893473
vt 0.296958 0.885766
vt 0.082998 0.000577
vt 0.085294 0.000577
vt 0.083762 0.000666
vt 0.083743 0.013647
vt 0.001032 0.119863
vt 0.002192 0.117366
vt 0.003412 0.121763
vt 0.002936 0.122823
vt 0.141827 0.126057
vt 0.141058 0.124336
vt 0.143293 0.123525
vt 0.143293 0.129646
vt 0.015844 0.017059
vt 0.011876 0.016698
vt 0.011876 0.001973
vt 0.017059 0.007261
vt 0.005331 0.010235
vt 0.005331 0.000554
vt 0.006823 0.005493
vt 0.006443 0.009062
vt 0.003117 0.112915
vt 0.003412 0.116453
vt 0.146705 0.001245
vt 0.146705 0.006823
vt 0.145103 0.006014
vt 0.144605 0.005237
vt 0.306550 0.864157
vt 0.310145 0.875732
vt 0.951769 0.808037
vt 0.953448 0.798908
vt 0.965525 0.796408
vt 0.962727 0.816860
vt 0.243983 0.013020
vt 0.243363 0.001859
vt 0.248544 0.000798
vt 0.248492 0.006504
vt 0.249058 0.021811
vt 0.243363 0.023882
vt 0.039911 0.011693
vt 0.032021 0.018765
vt 0.032021 0.002489
vt 0.040941 0.000683
vt 0.255422 0.898725
vt 0.251281 0.890846
vt 0.260005 0.888905
vt 0.262224 0.899433
vt 0.020247 0.019252
vt 0.019272 0.012358
vt 0.029125 0.011754
vt 0.030706 0.020470
vt 0.878484 0.765700
vt 0.882876 0.775443
vt 0.872003 0.781089
vt 0.870146 0.768555
vt 0.144337 0.000907
vt 0.144999 0.000607
vt 0.144999 0.001706
vt 0.144386 0.000841
vt 0.143521 0.109069
vt 0.143153 0.109176
vt 0.143153 0.106899
vt 0.144999 0.106996
vt 0.102302 0.002770
vt 0.102352 0.003412
vt 0.102124 0.001435
vt 0.102352 0.001227
vt 0.087000 0.002760
vt 0.087000 0.005118
vt 0.086336 0.005094
vt 0.085536 0.003548
vt 0.122823 0.021689
vt 0.121209 0.023882
vt 0.120672 0.018630
vt 0.122823 0.015791
vt 0.139882 0.133017
vt 0.139882 0.136188
vt 0.139169 0.136470
vt 0.138463 0.135350
vt 0.141702 0.059715
vt 0.143293 0.062491
vt 0.142859 0.063117
vt 0.141702 0.062822
vt 0.306279 0.900702
vt 0.290387 0.898829
vt 0.283914 0.886434
vt 0.634306 0.329509
vt 0.615148 0.335342
vt 0.617291 0.327027
vt 0.629373 0.327027
vt 0.130996 0.099680
vt 0.130958 0.099082
vt 0.131352 0.100534
vt 0.131273 0.100582
vt 0.876158 0.487639
vt 0.868045 0.488851
vt 0.860392 0.475546
vt 0.874406 0.471523
vt 0.885155 0.471006
vt 0.881990 0.486497
vt 0.377602 0.659130
vt 0.378364 0.640577
vt 0.390912 0.641539
vt 0.387888 0.658854
vt 0.010603 0.396259
vt 0.001311 0.399175
vt 0.001311 0.374540
vt 0.013148 0.381553
vt 0.408322 0.647697
vt 0.400302 0.660986
vt 0.394466 0.676140
vt 0.379121 0.678938
vt 0.421274 0.655309
vt 0.411451 0.666217
vt 0.404273 0.678938
vt 0.431586 0.663303
vt 0.419728 0.672645
vt 0.887055 0.808925
vt 0.875837 0.810535
vt 0.873631 0.797179
vt 0.885718 0.792853
vt 0.861461 0.811996
vt 0.861964 0.799631
vt 0.861113 0.786515
vt 0.849303 0.811445
vt 0.851386 0.801190
vt 0.851243 0.789233
vt 0.415715 0.857763
vt 0.421979 0.851553
vt 0.432328 0.862415
vt 0.422997 0.869285
vt 0.411976 0.875246
vt 0.405995 0.862812
vt 0.401985 0.851444
vt 0.411368 0.847512
vt 0.395630 0.880163
vt 0.394017 0.866567
vt 0.391566 0.853727
vt 0.379178 0.880219
vt 0.382465 0.866796
vt 0.383073 0.855228
vt 0.134764 0.524785
vt 0.120919 0.525409
vt 0.373493 0.865158
vt 0.375936 0.853737
vt 0.468135 0.612677
vt 0.460068 0.613585
vt 0.469115 0.599089
vt 0.462557 0.622791
vt 0.450772 0.624350
vt 0.866339 0.554354
vt 0.876996 0.559682
vt 0.875558 0.572358
vt 0.861990 0.567213
vt 0.844577 0.555027
vt 0.855439 0.545644
vt 0.437271 0.623811
vt 0.835238 0.542558
vt 0.851223 0.535508
vt 0.429084 0.619577
vt 0.427960 0.600545
vt 0.827797 0.567998
vt 0.815556 0.552019
vt 0.811700 0.529941
vt 0.835409 0.524707
vt 0.856005 0.521037
vt 0.814839 0.496606
vt 0.835354 0.504167
vt 0.851463 0.507744
vt 0.820311 0.482441
vt 0.839154 0.492512
vt 0.852007 0.499604
vt 0.929665 0.834735
vt 0.933895 0.820820
vt 0.846960 0.484385
vt 0.858536 0.493909
vt 0.618220 0.353116
vt 0.616797 0.345617
vt 0.631333 0.341870
vt 0.632447 0.348064
vt 0.829523 0.472041
vt 0.851847 0.457743
vt 0.199541 0.003063
vt 0.224487 0.001553
vt 0.241017 0.026149
vt 0.203808 0.029433
vt 0.170947 0.025556
vt 0.176519 0.000528
vt 0.874124 0.451250
vt 0.416113 0.016046
vt 0.449394 0.000959
vt 0.454430 0.014800
vt 0.419571 0.027004
vt 0.887780 0.450917
vt 0.457588 0.037245
vt 0.424117 0.041720
vt 0.902296 0.455400
vt 0.896934 0.475104
vt 0.456624 0.077748
vt 0.425429 0.072636
vt 0.928309 0.471872
vt 0.912058 0.485624
vt 0.450944 0.104635
vt 0.421626 0.092309
vt 0.942426 0.486212
vt 0.922507 0.496528
vt 0.443088 0.122823
vt 0.416113 0.107962
vt 0.948466 0.504689
vt 0.927686 0.510558
vt 0.313445 0.313028
vt 0.307843 0.290327
vt 0.349532 0.287078
vt 0.346517 0.311361
vt 0.948466 0.537800
vt 0.927774 0.531407
vt 0.450368 0.877990
vt 0.470821 0.902703
vt 0.457920 0.916597
vt 0.437866 0.886624
vt 0.943578 0.556736
vt 0.924230 0.545883
vt 0.439693 0.925374
vt 0.424155 0.893546
vt 0.933947 0.569486
vt 0.916618 0.556504
vt 0.403178 0.934490
vt 0.398102 0.900932
vt 0.365477 0.935987
vt 0.371820 0.900523
vt 0.346572 0.932209
vt 0.358291 0.897490
vt 0.886992 0.593568
vt 0.872298 0.593644
vt 0.887332 0.572071
vt 0.001062 0.319684
vt 0.026577 0.314452
vt 0.027516 0.338671
vt 0.002574 0.337554
vt 0.855681 0.586989
vt 0.022836 0.379340
vt 0.001407 0.370589
vt 0.062624 0.340858
vt 0.057793 0.386436
vt 0.054038 0.415087
vt 0.017258 0.403584
vt 0.812547 0.580887
vt 0.794600 0.561081
vt 0.429816 0.634534
vt 0.464943 0.624594
vt 0.467676 0.657377
vt 0.434942 0.661949
vt 0.790842 0.533121
vt 0.469046 0.705159
vt 0.435548 0.704392
vt 0.791266 0.490610
vt 0.467623 0.731820
vt 0.433304 0.726354
vt 0.794071 0.468912
vt 0.257215 0.022968
vt 0.269051 0.058792
vt 0.250451 0.060868
vt 0.807672 0.456080
vt 0.267055 0.096303
vt 0.249650 0.095998
vt 0.205443 0.097495
vt 0.206481 0.063014
vt 0.166326 0.097006
vt 0.167893 0.060535
vt 0.148271 0.097518
vt 0.146462 0.059134
vt 0.152463 0.023242
vt 0.827727 0.979172
vt 0.828086 0.943694
vt 0.854223 0.943141
vt 0.853713 0.977695
vt 0.492170 0.008600
vt 0.494703 0.034641
vt 0.900422 0.943158
vt 0.901744 0.977749
vt 0.492720 0.082631
vt 0.932281 0.941519
vt 0.933113 0.979172
vt 0.487672 0.113891
vt 0.276208 0.258127
vt 0.275923 0.217025
vt 0.304555 0.214959
vt 0.303136 0.255542
vt 0.283486 0.294084
vt 0.351278 0.211981
vt 0.350603 0.251833
vt 0.381777 0.210864
vt 0.382969 0.253328
vt 0.376438 0.288884
vt 0.852218 0.588804
vt 0.849624 0.630897
vt 0.831002 0.629217
vt 0.831100 0.588587
vt 0.470821 0.950930
vt 0.450912 0.959235
vt 0.788627 0.628275
vt 0.788066 0.591552
vt 0.408805 0.968400
vt 0.744204 0.627901
vt 0.744070 0.590480
vt 0.364796 0.972348
vt 0.725871 0.627839
vt 0.723117 0.590268
vt 0.342739 0.968495
vt 0.062390 0.312235
vt 0.100151 0.313042
vt 0.099134 0.340531
vt 0.141906 0.314042
vt 0.139530 0.340565
vt 0.137072 0.385220
vt 0.095384 0.384845
vt 0.135179 0.418946
vt 0.093256 0.414548
vt 0.504158 0.623305
vt 0.545477 0.619208
vt 0.546541 0.656084
vt 0.503878 0.657388
vt 0.546837 0.703964
vt 0.505391 0.704435
vt 0.546896 0.730469
vt 0.505134 0.730685
vt 0.577001 0.704587
vt 0.578087 0.728622
vt 0.271234 0.138764
vt 0.266717 0.169642
vt 0.248110 0.170342
vt 0.250440 0.139797
vt 0.205101 0.171311
vt 0.206826 0.139456
vt 0.167540 0.170599
vt 0.167655 0.139771
vt 0.148858 0.170265
vt 0.145687 0.139099
vt 0.756271 0.237117
vt 0.756368 0.207110
vt 0.781974 0.207911
vt 0.783117 0.236637
vt 0.817114 0.978652
vt 0.790264 0.978702
vt 0.789298 0.942640
vt 0.815433 0.941744
vt 0.827407 0.207568
vt 0.829606 0.234606
vt 0.743759 0.979172
vt 0.743110 0.941771
vt 0.861606 0.207110
vt 0.863172 0.233705
vt 0.710200 0.977839
vt 0.711278 0.941744
vt 0.271087 0.176489
vt 0.273396 0.149048
vt 0.306275 0.146497
vt 0.304468 0.174531
vt 0.352690 0.144636
vt 0.352027 0.172404
vt 0.380109 0.144473
vt 0.381370 0.171733
vt 0.852937 0.668848
vt 0.848524 0.696314
vt 0.829801 0.696233
vt 0.830374 0.667708
vt 0.789607 0.697887
vt 0.788751 0.668818
vt 0.746328 0.696510
vt 0.744492 0.667735
vt 0.726630 0.696323
vt 0.721847 0.668199
vt 0.746404 0.732663
vt 0.723367 0.733090
vt 0.169844 0.314121
vt 0.208401 0.312932
vt 0.207211 0.337633
vt 0.169574 0.338003
vt 0.205712 0.383291
vt 0.166121 0.382880
vt 0.205015 0.420927
vt 0.163121 0.417335
vt 0.573748 0.620916
vt 0.614958 0.615351
vt 0.614498 0.657021
vt 0.575868 0.656986
vt 0.615838 0.705238
vt 0.653142 0.660130
vt 0.652239 0.706177
vt 0.651863 0.728253
vt 0.616398 0.730232
vt 0.271234 0.208674
vt 0.265313 0.243698
vt 0.246149 0.242597
vt 0.249048 0.208063
vt 0.205282 0.241330
vt 0.206697 0.205907
vt 0.168533 0.242145
vt 0.168759 0.208085
vt 0.149540 0.242952
vt 0.146102 0.208133
vt 0.936056 0.861244
vt 0.969659 0.863013
vt 0.969499 0.884216
vt 0.935746 0.886000
vt 0.938170 0.284881
vt 0.937230 0.260144
vt 0.972167 0.255823
vt 0.972348 0.281430
vt 0.969994 0.929661
vt 0.934235 0.933555
vt 0.936933 0.212556
vt 0.971664 0.210386
vt 0.970642 0.971130
vt 0.934235 0.972348
vt 0.937261 0.173760
vt 0.972348 0.176155
vt 0.270474 0.109399
vt 0.272186 0.071210
vt 0.311900 0.070345
vt 0.307308 0.108540
vt 0.356496 0.069906
vt 0.354134 0.107256
vt 0.378333 0.069668
vt 0.380439 0.105289
vt 0.851568 0.734168
vt 0.847115 0.770015
vt 0.827787 0.768880
vt 0.829040 0.733094
vt 0.790075 0.767951
vt 0.789693 0.730393
vt 0.748358 0.768730
vt 0.789483 0.803953
vt 0.748744 0.804893
vt 0.726739 0.805993
vt 0.727857 0.769944
vt 0.244645 0.315439
vt 0.282423 0.313075
vt 0.282791 0.332358
vt 0.244579 0.335647
vt 0.281459 0.374707
vt 0.243933 0.378948
vt 0.280560 0.422204
vt 0.242782 0.419775
vt 0.653095 0.617624
vt 0.690291 0.612397
vt 0.689271 0.664409
vt 0.710999 0.613297
vt 0.706682 0.669201
vt 0.706072 0.708972
vt 0.689440 0.709482
vt 0.706860 0.731445
vt 0.688866 0.731820
vt 0.267943 0.281216
vt 0.266936 0.299205
vt 0.244985 0.296945
vt 0.246404 0.279793
vt 0.207124 0.295719
vt 0.206986 0.278489
vt 0.172406 0.296296
vt 0.171006 0.278897
vt 0.152693 0.298223
vt 0.150326 0.279279
vt 0.469115 0.548185
vt 0.451427 0.549291
vt 0.453623 0.529068
vt 0.468716 0.528494
vt 0.937028 0.687467
vt 0.934996 0.667797
vt 0.968044 0.661148
vt 0.968836 0.682355
vt 0.453806 0.489275
vt 0.469115 0.483738
vt 0.934124 0.623063
vt 0.967504 0.615734
vt 0.448660 0.432857
vt 0.468264 0.433599
vt 0.934124 0.573023
vt 0.968937 0.574319
vt 0.267603 0.032142
vt 0.269821 0.011908
vt 0.324165 0.015370
vt 0.317751 0.032452
vt 0.362644 0.015269
vt 0.361464 0.031722
vt 0.382969 0.013917
vt 0.381746 0.031538
vt 0.847097 0.806453
vt 0.844870 0.823640
vt 0.824633 0.821469
vt 0.825940 0.804937
vt 0.789237 0.820492
vt 0.823880 0.833737
vt 0.789391 0.833707
vt 0.751057 0.833587
vt 0.749947 0.821311
vt 0.732861 0.835878
vt 0.728624 0.823687
vt 0.300448 0.312235
vt 0.311643 0.314170
vt 0.310951 0.331725
vt 0.299328 0.332214
vt 0.310577 0.362721
vt 0.298394 0.368851
vt 0.312175 0.414002
vt 0.301077 0.421275
vt 0.097205 0.951878
vt 0.044966 0.933621
vt 0.046493 0.918566
vt 0.098580 0.933961
vt 0.151005 0.922034
vt 0.151555 0.937904
vt 0.723291 0.620406
vt 0.718661 0.674579
vt 0.718462 0.708187
vt 0.098953 0.910072
vt 0.148628 0.899593
vt 0.145068 0.851058
vt 0.174671 0.852815
vt 0.100760 0.848322
vt 0.102161 0.796920
vt 0.152327 0.810466
vt 0.049784 0.897246
vt 0.056372 0.848943
vt 0.051695 0.809054
vt 0.049503 0.788896
vt 0.102674 0.776071
vt 0.028460 0.850168
vt 0.011555 0.850716
vt 0.001121 0.850785
vt 0.103015 0.759162
vt 0.156318 0.776225
vt 0.155475 0.790329
vt 0.049669 0.775147
vt 0.329295 0.003803
vt 0.274507 0.000919
vt 0.362415 0.004280
vt 0.186604 0.791440
vt 0.440804 0.494248
vt 0.433788 0.438811
vt 0.191650 0.853623
vt 0.202999 0.854024
vt 0.205755 0.308913
vt 0.242226 0.309271
vt 0.172623 0.308169
vt 0.841453 0.835878
vt 0.379407 0.002689
vt 0.155212 0.309902
vt 0.260695 0.312175
vt 0.720441 0.727114
vt 0.368346 0.878381
vt 0.916640 0.528156
vt 0.916472 0.513725
vt 0.272960 0.900702
vt 0.270520 0.887711
vt 0.637997 0.331515
vt 0.636708 0.339600
vt 0.144338 0.104976
vt 0.144999 0.105173
vt 0.144772 0.105502
vt 0.144338 0.105764
vt 0.000845 0.141748
vt 0.001332 0.141771
vt 0.001458 0.142326
vt 0.001043 0.142159
vt 0.001706 0.141790
vt 0.001706 0.143293
vt 0.019147 0.001800
vt 0.030706 0.001888
vt 0.156792 0.001947
vt 0.166690 0.002760
vt 0.167176 0.013647
vt 0.156792 0.009970
vt 0.948275 0.802228
vt 0.946589 0.800552
vt 0.128127 0.103674
vt 0.127838 0.103850
vt 0.127494 0.104058
vt 0.127108 0.103808
vt 0.140558 0.078470
vt 0.140710 0.077266
vt 0.141588 0.076989
vt 0.141588 0.078269
vt 0.144358 0.050725
vt 0.144256 0.050132
vt 0.144999 0.050132
vt 0.144903 0.051176
vt 0.134764 0.136470
vt 0.134214 0.136271
vt 0.134270 0.135616
vt 0.134764 0.135399
vt 0.105764 0.012701
vt 0.105121 0.014087
vt 0.104315 0.013363
vt 0.105084 0.013324
vt 0.126201 0.143698
vt 0.127941 0.141894
vt 0.127891 0.143428
vt 0.126227 0.146705
vt 0.125930 0.140849
vt 0.126235 0.141508
vt 0.125595 0.141588
vt 0.125595 0.140191
vt 0.000843 0.112588
vt 0.000843 0.108269
vt 0.001706 0.109957
vt 0.124529 0.013546
vt 0.123958 0.013647
vt 0.123961 0.012512
vt 0.124393 0.012262
vt 0.124429 0.027294
vt 0.124429 0.025507
vt 0.124529 0.026139
vt 0.127805 0.138176
vt 0.139882 0.129990
vt 0.455952 0.582440
vt 0.469115 0.588926
vt 0.127926 0.144517
vt 0.127941 0.145530
vt 0.126235 0.005164
vt 0.126235 0.010235
vt 0.125562 0.008829
vt 0.125941 0.009320
vt 0.000525 0.111703
vt 0.001706 0.114895
vt 0.000442 0.115999
vt 0.000442 0.114476
vt 0.008529 0.027689
vt 0.008529 0.034117
vt 0.008087 0.029025
vt 0.085294 0.013356
vt 0.084827 0.015353
vt 0.084827 0.011955
vt 0.139882 0.121117
vt 0.139270 0.119376
vt 0.139882 0.119123
vt 0.105764 0.017059
vt 0.139882 0.096468
vt 0.139882 0.097235
vt 0.139647 0.097075
vt 0.130958 0.100647
vt 0.141174 0.068041
vt 0.141588 0.066520
vt 0.141588 0.068235
vt 0.111150 0.523467
vt 0.106902 0.519170
vt 0.107881 0.505549
vt 0.108641 0.493252
vt 0.149397 0.007308
vt 0.153370 0.011704
vt 0.153529 0.020470
vt 0.147784 0.020470
vt 0.126966 0.096479
vt 0.126966 0.102570
vt 0.119411 0.000460
vt 0.119411 0.015353
vt 0.104675 0.010918
vt 0.104537 0.003501
vt 0.365057 0.320704
vt 0.353091 0.319186
vt 0.350279 0.293266
vt 0.365057 0.290653
vt 0.368469 0.346292
vt 0.354824 0.340793
vt 0.355057 0.331678
vt 0.368469 0.321511
vt 0.000709 0.041265
vt 0.003412 0.046409
vt 0.000709 0.058000
vt 0.018765 0.379719
vt 0.016599 0.396778
vt 0.636370 0.351408
vt 0.141370 0.090816
vt 0.146705 0.102147
vt 0.141370 0.104058
vt 0.005118 0.047764
vt 0.002108 0.032387
vt 0.005118 0.024877
vt 0.143492 0.066944
vt 0.146705 0.089206
vt 0.143492 0.092117
vt 0.965525 0.835878
vt 0.001448 0.137815
vt 0.001706 0.139168
vt 0.000842 0.139882
vt 0.000842 0.135840
vt 0.124529 0.010955
vt 0.006547 0.035584
vt 0.006823 0.036242
vt 0.006547 0.040941
vt 0.139882 0.088705
vt 0.138888 0.086706
vt 0.139363 0.085650
vt 0.139882 0.084757
vt 0.139882 0.066529
vt 0.138649 0.062830
vt 0.139882 0.061442
vt 0.121158 0.001349
vt 0.126235 0.001349
vt 0.121510 0.013647
vt 0.140186 0.058000
vt 0.140186 0.051439
vt 0.143293 0.054125
vt 0.142127 0.057364
vt 0.000610 0.102680
vt 0.001706 0.099428
vt 0.001706 0.103830
vt 0.001621 0.105764
vt 0.139384 0.091764
vt 0.139882 0.092608
vt 0.139864 0.093201
vt 0.139384 0.093823
vt 0.002995 0.003412
vt 0.002995 0.001606
vt 0.003412 0.002522
vt 0.125925 0.057224
vt 0.126235 0.056433
vt 0.126235 0.058000
vt 0.138572 0.002181
vt 0.139882 0.000698
vt 0.139882 0.003412
vt 0.017496 0.015878
vt 0.018765 0.016780
vt 0.017496 0.018765
vt 0.006823 0.030706
vt 0.006705 0.027494
vt 0.006823 0.021582
vt 0.001614 0.133058
vt 0.001614 0.124075
vt 0.003074 0.126747
vt 0.003412 0.128245
vt 0.001706 0.068235
vt 0.001157 0.063066
vt 0.001706 0.061586
vt 0.000519 0.040941
vt 0.000519 0.034544
vt 0.001706 0.039554
vt 0.122545 0.025998
vt 0.122823 0.025341
vt 0.122823 0.030706
vt 0.121950 0.028037
vt 0.084081 0.017955
vt 0.085294 0.018999
vt 0.084690 0.019591
vt 0.084081 0.020470
vt 0.105633 0.000987
vt 0.105764 0.000366
vt 0.105753 0.000759
vt 0.105764 0.001706
vt 0.623865 0.194823
vt 0.627638 0.155963
vt 0.649628 0.155327
vt 0.650396 0.194747
vt 0.650634 0.223436
vt 0.628595 0.224260
vt 0.750104 0.481585
vt 0.747623 0.511529
vt 0.724552 0.512331
vt 0.722486 0.480668
vt 0.847728 0.244890
vt 0.834915 0.253700
vt 0.829088 0.243302
vt 0.847639 0.235379
vt 0.866502 0.242560
vt 0.861374 0.252859
vt 0.849349 0.270474
vt 0.721053 0.444682
vt 0.747444 0.443528
vt 0.768292 0.314461
vt 0.757963 0.305977
vt 0.771129 0.291179
vt 0.781858 0.307938
vt 0.793102 0.343165
vt 0.770540 0.341070
vt 0.756554 0.340059
vt 0.760187 0.397054
vt 0.752515 0.400854
vt 0.749827 0.381381
vt 0.759268 0.381233
vt 0.772446 0.382115
vt 0.769296 0.402999
vt 0.855566 0.753403
vt 0.854280 0.742646
vt 0.866375 0.744240
vt 0.864813 0.758129
vt 0.819645 0.347165
vt 0.823148 0.306099
vt 0.828264 0.392306
vt 0.791342 0.385786
vt 0.862651 0.346693
vt 0.883662 0.294544
vt 0.921440 0.300983
vt 0.908570 0.338640
vt 0.911172 0.381165
vt 0.875205 0.398809
vt 0.848583 0.432032
vt 0.937373 0.306437
vt 0.933762 0.335815
vt 0.932132 0.284629
vt 0.947437 0.297171
vt 0.948466 0.334128
vt 0.929932 0.392298
vt 0.916565 0.400872
vt 0.931637 0.376109
vt 0.939776 0.398606
vt 0.923324 0.412957
vt 0.946303 0.376386
vt 0.859942 0.440372
vt 0.856764 0.453763
vt 0.839633 0.449189
vt 0.882780 0.422563
vt 0.888461 0.435871
vt 0.487217 0.281269
vt 0.472007 0.285905
vt 0.473343 0.255377
vt 0.487695 0.256546
vt 0.130415 0.138176
vt 0.140889 0.139051
vt 0.141414 0.147793
vt 0.129140 0.147570
vt 0.500696 0.249319
vt 0.503257 0.260085
vt 0.489400 0.259778
vt 0.490790 0.245651
vt 0.904070 0.491892
vt 0.904113 0.503077
vt 0.891602 0.504233
vt 0.893422 0.489120
vt 0.134627 0.181401
vt 0.133209 0.207824
vt 0.121982 0.208117
vt 0.125458 0.175330
vt 0.141588 0.170259
vt 0.131773 0.173999
vt 0.127738 0.159009
vt 0.141588 0.156946
vt 0.144999 0.173211
vt 0.144999 0.206678
vt 0.865272 0.532215
vt 0.859572 0.523194
vt 0.878150 0.519137
vt 0.876721 0.534941
vt 0.862686 0.494316
vt 0.877719 0.488794
vt 0.877344 0.505433
vt 0.857207 0.511844
vt 0.396887 0.549179
vt 0.400880 0.568287
vt 0.384308 0.576585
vt 0.384308 0.549041
vt 0.489400 0.272079
vt 0.508350 0.274646
vt 0.632766 0.890466
vt 0.605553 0.890466
vt 0.605125 0.864536
vt 0.632883 0.878870
vt 0.007635 0.966569
vt 0.003184 0.955409
vt 0.034941 0.959037
vt 0.035823 0.972348
vt 0.906370 0.821917
vt 0.921739 0.832065
vt 0.882947 0.843139
vt 0.871203 0.830412
vt 0.843202 0.856179
vt 0.833448 0.838954
vt 0.905104 0.860044
vt 0.862912 0.877273
vt 0.826961 0.893344
vt 0.808541 0.874564
vt 0.898976 0.903620
vt 0.862361 0.921926
vt 0.830909 0.940555
vt 0.798770 0.911562
vt 0.999642 0.769168
vt 0.997572 0.796315
vt 0.965483 0.793964
vt 0.965561 0.759604
vt 0.924486 0.784638
vt 0.926559 0.749289
vt 0.471116 0.432116
vt 0.492679 0.446909
vt 0.498115 0.477645
vt 0.471116 0.474252
vt 0.895754 0.744768
vt 0.900420 0.712576
vt 0.926355 0.713810
vt 0.967791 0.716253
vt 0.892833 0.783906
vt 0.700704 0.805696
vt 0.667848 0.806892
vt 0.668984 0.765279
vt 0.701696 0.766636
vt 0.912346 0.810290
vt 0.888574 0.807212
vt 0.698097 0.828909
vt 0.668190 0.829055
vt 0.584702 0.924700
vt 0.585115 0.958701
vt 0.563522 0.958386
vt 0.562503 0.924617
vt 0.492613 0.224019
vt 0.474755 0.223370
vt 0.477169 0.188381
vt 0.490523 0.188552
vt 0.478254 0.155162
vt 0.494045 0.154781
vt 0.453256 0.223401
vt 0.455942 0.188920
vt 0.457718 0.156319
vt 0.458319 0.140608
vt 0.479036 0.138938
vt 0.415603 0.191336
vt 0.415029 0.156863
vt 0.416328 0.140812
vt 0.418333 0.128092
vt 0.459315 0.128433
vt 0.382235 0.155306
vt 0.382518 0.138756
vt 0.384641 0.126236
vt 0.749534 0.303812
vt 0.747783 0.339371
vt 0.627688 0.585655
vt 0.624893 0.572819
vt 0.650021 0.572450
vt 0.651363 0.584880
vt 0.764996 0.283892
vt 0.687431 0.572149
vt 0.688212 0.586257
vt 0.796178 0.264224
vt 0.804548 0.276033
vt 0.727575 0.573330
vt 0.727210 0.586501
vt 0.685760 0.553485
vt 0.727083 0.554249
vt 0.750113 0.553760
vt 0.750585 0.574342
vt 0.747114 0.588527
vt 0.627663 0.287697
vt 0.627370 0.267006
vt 0.649089 0.265814
vt 0.649295 0.286203
vt 0.650371 0.299608
vt 0.631305 0.301362
vt 0.691287 0.262327
vt 0.689833 0.284056
vt 0.689669 0.298662
vt 0.902201 0.261119
vt 0.895520 0.271804
vt 0.727622 0.283099
vt 0.726990 0.295906
vt 0.936220 0.278647
vt 0.752575 0.282379
vt 0.751165 0.295179
vt 0.747579 0.304029
vt 0.727808 0.305351
vt 0.652498 0.842702
vt 0.639645 0.842225
vt 0.637959 0.806129
vt 0.651207 0.805382
vt 0.662356 0.803874
vt 0.662298 0.840744
vt 0.638941 0.761322
vt 0.652458 0.761733
vt 0.663144 0.761523
vt 0.640572 0.731455
vt 0.656019 0.733282
vt 0.665291 0.738932
vt 0.424870 0.543844
vt 0.410121 0.546703
vt 0.409011 0.518872
vt 0.421961 0.518187
vt 0.948466 0.404958
vt 0.927806 0.420585
vt 0.407889 0.474362
vt 0.420741 0.475424
vt 0.429509 0.476359
vt 0.430733 0.517979
vt 0.409303 0.438584
vt 0.422089 0.438294
vt 0.429598 0.439960
vt 0.862743 0.635979
vt 0.874826 0.632312
vt 0.878950 0.654988
vt 0.867023 0.656953
vt 0.855796 0.658910
vt 0.853732 0.641622
vt 0.879618 0.685611
vt 0.865774 0.687801
vt 0.851195 0.689977
vt 0.816171 0.427215
vt 0.810756 0.441350
vt 0.779274 0.422707
vt 0.784702 0.409463
vt 0.762060 0.412620
vt 0.865887 0.724334
vt 0.879571 0.723962
vt 0.879318 0.745762
vt 0.893609 0.723610
vt 0.893878 0.745449
vt 0.494704 0.138481
vt 0.877436 0.760820
vt 0.893878 0.683061
vt 0.210173 0.975760
vt 0.169687 0.975759
vt 0.168144 0.943384
vt 0.209238 0.945021
vt 0.230785 0.944850
vt 0.231999 0.975310
vt 0.138763 0.975760
vt 0.138201 0.942615
vt 0.522257 0.956115
vt 0.492222 0.955116
vt 0.490021 0.923787
vt 0.520742 0.922628
vt 0.474429 0.958701
vt 0.468839 0.928682
vt 0.322497 0.420651
vt 0.321873 0.440971
vt 0.279272 0.440988
vt 0.280804 0.424611
vt 0.667592 0.734549
vt 0.704526 0.734549
vt 0.318523 0.472181
vt 0.281237 0.470584
vt 0.251710 0.468919
vt 0.251959 0.439644
vt 0.898287 0.693868
vt 0.923436 0.693254
vt 0.208253 0.463785
vt 0.207259 0.435517
vt 0.965352 0.693254
vt 0.171309 0.461653
vt 0.169184 0.434270
vt 0.782938 0.894730
vt 0.207301 0.511540
vt 0.172757 0.508752
vt 0.141283 0.502999
vt 0.138212 0.463337
vt 0.134843 0.440281
vt 0.170915 0.543430
vt 0.138669 0.531807
vt 0.758264 0.882718
vt 0.741818 0.896311
vt 0.726367 0.866950
vt 0.737916 0.854947
vt 0.743915 0.836259
vt 0.776173 0.857639
vt 0.720843 0.905333
vt 0.711879 0.874782
vt 0.699605 0.836810
vt 0.705680 0.832545
vt 0.611356 0.843549
vt 0.636291 0.866255
vt 0.002459 0.942374
vt 0.001862 0.934111
vt 0.035823 0.934241
vt 0.035475 0.946624
vt 0.683892 0.912204
vt 0.685144 0.880391
vt 0.687847 0.838237
vt 0.651689 0.910560
vt 0.661782 0.877813
vt 0.676477 0.837427
vt 0.632697 0.904619
vt 0.647281 0.872610
vt 0.668494 0.835555
vt 0.003475 0.466475
vt 0.003060 0.429942
vt 0.028603 0.436573
vt 0.016253 0.469790
vt 0.931681 0.025435
vt 0.930879 0.012381
vt 0.963543 0.012066
vt 0.965525 0.025116
vt 0.964653 0.039235
vt 0.932094 0.033783
vt 0.889790 0.537350
vt 0.891468 0.518625
vt 0.904023 0.516483
vt 0.904113 0.530344
vt 0.050973 0.447441
vt 0.027228 0.474330
vt 0.932037 0.000836
vt 0.958643 0.000836
vt 0.061155 0.458169
vt 0.031833 0.480316
vt 0.780124 0.873408
vt 0.780111 0.866617
vt 0.813123 0.862727
vt 0.806729 0.873408
vt 0.068825 0.476246
vt 0.034691 0.492013
vt 0.779158 0.854623
vt 0.814460 0.851044
vt 0.073410 0.507710
vt 0.034956 0.506985
vt 0.779989 0.839804
vt 0.817114 0.835442
vt 0.104058 0.504984
vt 0.103826 0.532261
vt 0.066748 0.528869
vt 0.021689 0.521698
vt 0.095804 0.464399
vt 0.709465 0.311232
vt 0.714054 0.342898
vt 0.667465 0.342199
vt 0.668049 0.311106
vt 0.087246 0.437938
vt 0.737102 0.307522
vt 0.745811 0.340172
vt 0.746726 0.373430
vt 0.717148 0.374800
vt 0.626234 0.052087
vt 0.636173 0.017636
vt 0.653840 0.018804
vt 0.645546 0.052212
vt 0.644692 0.084500
vt 0.625560 0.085666
vt 0.648023 0.129741
vt 0.626776 0.128267
vt 0.689013 0.054274
vt 0.689558 0.085451
vt 0.690983 0.127916
vt 0.692000 0.155682
vt 0.731682 0.083939
vt 0.730247 0.128123
vt 0.730934 0.154737
vt 0.730344 0.194091
vt 0.692408 0.194099
vt 0.752783 0.127907
vt 0.753073 0.154125
vt 0.753996 0.195147
vt 0.752065 0.220113
vt 0.729235 0.221120
vt 0.553724 0.840170
vt 0.513618 0.839625
vt 0.515409 0.804350
vt 0.550717 0.804496
vt 0.579143 0.804833
vt 0.578728 0.840271
vt 0.618194 0.805479
vt 0.619728 0.841054
vt 0.549744 0.760642
vt 0.578257 0.761194
vt 0.619247 0.761228
vt 0.580009 0.735629
vt 0.619624 0.733374
vt 0.388620 0.546733
vt 0.348031 0.546189
vt 0.348974 0.517617
vt 0.390262 0.518430
vt 0.352539 0.473039
vt 0.391434 0.473976
vt 0.354364 0.440847
vt 0.392454 0.439357
vt 0.355133 0.424353
vt 0.392789 0.420651
vt 0.889525 0.631308
vt 0.893859 0.652100
vt 0.317548 0.517393
vt 0.317226 0.546322
vt 0.279628 0.544145
vt 0.280858 0.515218
vt 0.251896 0.543725
vt 0.252364 0.513325
vt 0.207874 0.545954
vt 0.441529 0.734378
vt 0.485474 0.734430
vt 0.483371 0.760855
vt 0.441857 0.758763
vt 0.406783 0.759200
vt 0.405938 0.736712
vt 0.442624 0.803770
vt 0.412130 0.803174
vt 0.728573 0.937559
vt 0.684989 0.945054
vt 0.750492 0.931393
vt 0.442762 0.842702
vt 0.412181 0.841785
vt 0.646130 0.945054
vt 0.751775 0.051121
vt 0.753913 0.082801
vt 0.730665 0.052361
vt 0.725275 0.018557
vt 0.746899 0.017636
vt 0.689569 0.021780
vt 0.037043 0.411467
vt 0.071183 0.424411
vt 0.001975 0.402765
vt 0.484451 0.804131
vt 0.487893 0.839443
vt 0.511986 0.760959
vt 0.512817 0.734838
vt 0.549427 0.734639
vt 0.750937 0.261608
vt 0.729530 0.263235
vt 0.692500 0.223466
vt 0.747558 0.415886
vt 0.719916 0.416660
vt 0.677635 0.445996
vt 0.675168 0.419031
vt 0.671672 0.378256
vt 0.644779 0.420807
vt 0.643019 0.381475
vt 0.640503 0.341135
vt 0.368452 0.370962
vt 0.370741 0.330767
vt 0.388109 0.326917
vt 0.390728 0.367283
vt 0.409267 0.397435
vt 0.384043 0.403986
vt 0.641354 0.310293
vt 0.435268 0.362220
vt 0.453279 0.388578
vt 0.444413 0.429936
vt 0.413335 0.430733
vt 0.464554 0.359822
vt 0.424685 0.319943
vt 0.459331 0.316887
vt 0.416671 0.285865
vt 0.452348 0.282215
vt 0.384413 0.288970
vt 0.384843 0.263762
vt 0.415113 0.259709
vt 0.366642 0.290753
vt 0.625804 0.423856
vt 0.646016 0.446347
vt 0.629887 0.449152
vt 0.647209 0.484023
vt 0.624893 0.486228
vt 0.679733 0.481757
vt 0.682506 0.516530
vt 0.648859 0.517844
vt 0.649428 0.555715
vt 0.625258 0.556358
vt 0.629464 0.519642
vt 0.384621 0.192764
vt 0.413073 0.225235
vt 0.383012 0.225972
vt 0.452755 0.255796
vt 0.471716 0.306874
vt 0.478837 0.126854
vt 0.905282 0.455198
vt 0.905282 0.434680
vt 0.919827 0.422562
vt 0.922970 0.462278
vt 0.935488 0.423657
vt 0.941643 0.462292
vt 0.480135 0.314597
vt 0.494704 0.342362
vt 0.934819 0.844817
vt 0.001975 0.545271
vt 0.044294 0.552703
vt 0.934819 0.889710
vt 0.485541 0.416415
vt 0.881020 0.941642
vt 0.915538 0.940940
vt 0.490275 0.379118
vt 0.143168 0.111890
vt 0.143166 0.111701
vt 0.143293 0.111697
vt 0.143289 0.112035
vt 0.143175 0.112208
vt 0.143003 0.111991
vt 0.142939 0.111851
vt 0.141265 0.071190
vt 0.141333 0.070962
vt 0.141503 0.071319
vt 0.141323 0.071446
vt 0.141156 0.071231
vt 0.141161 0.070938
vt 0.141183 0.071546
vt 0.141041 0.071647
vt 0.141041 0.071307
vt 0.141041 0.070991
vt 0.141041 0.070684
vt 0.141202 0.070645
vt 0.141041 0.070376
vt 0.141292 0.070463
vt 0.141517 0.070582
vt 0.141400 0.070762
vt 0.141588 0.071259
vt 0.139882 0.126036
vt 0.139574 0.125295
vt 0.139882 0.125026
vt 0.139846 0.126235
vt 0.141301 0.131352
vt 0.141449 0.131045
vt 0.141587 0.131112
vt 0.141588 0.131352
vt 0.142803 0.112158
vt 0.142994 0.112370
vt 0.143258 0.112394
vt 0.143190 0.112588
vt 0.143293 0.112338
vt 0.141513 0.081626
vt 0.141553 0.081333
vt 0.141588 0.081004
vt 0.141588 0.081882
vt 0.144909 0.054476
vt 0.144919 0.054533
vt 0.144999 0.054418
vt 0.144999 0.054588
vt 0.146539 0.016610
vt 0.146705 0.016723
vt 0.146677 0.017059
vt 0.146539 0.017031
vt 0.138096 0.098941
vt 0.138096 0.098605
vt 0.138116 0.098599
vt 0.138176 0.098859
vt 0.146705 0.027294
vt 0.146607 0.027179
vt 0.146608 0.027104
vt 0.146705 0.026909
vt 0.146540 0.034117
vt 0.146554 0.033923
vt 0.146577 0.033892
vt 0.146705 0.034117
vt 0.110525 0.014828
vt 0.110682 0.014809
vt 0.110695 0.015007
vt 0.110567 0.015051
vt 0.110882 0.014786
vt 0.110827 0.014984
vt 0.110779 0.015159
vt 0.110651 0.015172
vt 0.110525 0.015202
vt 0.110730 0.015336
vt 0.110608 0.015353
vt 0.146705 0.091947
vt 0.146705 0.092102
vt 0.146599 0.092117
vt 0.146567 0.091947
vt 0.146487 0.023591
vt 0.146497 0.023738
vt 0.146357 0.023738
vt 0.146310 0.023535
vt 0.146473 0.023437
vt 0.146642 0.023460
vt 0.146665 0.023614
vt 0.146686 0.023752
vt 0.146705 0.023882
vt 0.146505 0.023868
vt 0.146310 0.023854
vt 0.146705 0.095362
vt 0.146705 0.095529
vt 0.146581 0.095493
vt 0.146607 0.095364
vt 0.086896 0.020195
vt 0.087000 0.020470
vt 0.086789 0.020470
vt 0.144841 0.059649
vt 0.144999 0.059526
vt 0.144999 0.059706
vt 0.141588 0.086997
vt 0.141577 0.086915
vt 0.141526 0.087000
vt 0.141526 0.086538
vt 0.101380 0.008245
vt 0.088371 0.008186
vt 0.089768 0.001096
vt 0.099983 0.000593
vt 0.102352 0.017059
vt 0.086480 0.017059
vt 0.349569 0.765861
vt 0.357502 0.765083
vt 0.359255 0.778825
vt 0.349603 0.776836
vt 0.126400 0.094353
vt 0.126662 0.083368
vt 0.137769 0.086385
vt 0.136264 0.098941
vt 0.899714 0.217600
vt 0.914016 0.221357
vt 0.914349 0.241816
vt 0.903209 0.241974
vt 0.888188 0.243940
vt 0.887825 0.218807
vt 0.876739 0.203382
vt 0.886094 0.200956
vt 0.875317 0.219886
vt 0.401259 0.761121
vt 0.400941 0.772857
vt 0.389671 0.770407
vt 0.391678 0.758928
vt 0.634320 0.907310
vt 0.634483 0.924253
vt 0.620677 0.924004
vt 0.622691 0.905567
vt 0.598626 0.909189
vt 0.610287 0.906337
vt 0.607838 0.923651
vt 0.598993 0.924615
vt 0.405998 0.796625
vt 0.392390 0.797726
vt 0.389804 0.783817
vt 0.402926 0.785134
vt 0.754151 0.896130
vt 0.766539 0.902029
vt 0.763623 0.911106
vt 0.750560 0.908308
vt 0.606181 0.947054
vt 0.598511 0.941832
vt 0.765638 0.928732
vt 0.764328 0.927930
vt 0.789001 0.924947
vt 0.787159 0.932398
vt 0.380213 0.814590
vt 0.368330 0.815408
vt 0.370059 0.798019
vt 0.379741 0.798944
vt 0.235158 0.015353
vt 0.234714 0.007119
vt 0.242234 0.003642
vt 0.242170 0.015353
vt 0.043736 0.001987
vt 0.044353 0.000678
vt 0.043873 0.003412
vt 0.043736 0.000451
vt 0.001739 0.000711
vt 0.005118 0.015177
vt 0.001739 0.027294
vt 0.002087 0.014742
vt 0.017093 0.486700
vt 0.021400 0.499661
vt 0.001146 0.495434
vt 0.004459 0.482136
vt 0.349569 0.802236
vt 0.350324 0.790600
vt 0.359917 0.794499
vt 0.358765 0.809269
vt 0.128153 0.058033
vt 0.135148 0.055436
vt 0.139882 0.072971
vt 0.126400 0.069573
vt 0.621086 0.324717
vt 0.610443 0.326343
vt 0.610701 0.318516
vt 0.623515 0.318361
vt 0.921306 0.008971
vt 0.925023 0.019603
vt 0.912602 0.021922
vt 0.910575 0.008737
vt 0.458905 0.875515
vt 0.455680 0.867747
vt 0.469494 0.866281
vt 0.470142 0.876648
vt 0.902928 0.120053
vt 0.876564 0.136111
vt 0.865687 0.089520
vt 0.903618 0.086441
vt 0.927607 0.132821
vt 0.894070 0.166537
vt 0.929174 0.085941
vt 0.830057 0.059245
vt 0.859829 0.051378
vt 0.817679 0.088005
vt 0.814922 0.040794
vt 0.853577 0.028039
vt 0.787626 0.078636
vt 0.619183 0.613006
vt 0.609489 0.614534
vt 0.609549 0.602906
vt 0.622060 0.603658
vt 0.005078 0.308746
vt 0.001570 0.300002
vt 0.014193 0.299368
vt 0.015328 0.310091
vt 0.784238 0.200905
vt 0.780361 0.191320
vt 0.791032 0.190414
vt 0.793922 0.201642
vt 0.772938 0.171491
vt 0.785954 0.170691
vt 0.804136 0.170086
vt 0.809523 0.189105
vt 0.812089 0.202198
vt 0.591349 0.615707
vt 0.546875 0.616008
vt 0.536887 0.604232
vt 0.588504 0.603091
vt 0.846923 0.191636
vt 0.856506 0.204705
vt 0.904861 0.181919
vt 0.916050 0.193987
vt 0.837376 0.172910
vt 0.790517 0.135065
vt 0.824481 0.138738
vt 0.770718 0.130918
vt 0.770137 0.072420
vt 0.756154 0.126299
vt 0.757438 0.067104
vt 0.792851 0.016813
vt 0.804030 0.028189
vt 0.841116 0.001780
vt 0.847466 0.012462
vt 0.886701 0.001695
vt 0.888754 0.011050
vt 0.891247 0.025834
vt 0.916532 0.044769
vt 0.895709 0.047328
vt 0.931160 0.043255
vt 0.946571 0.087734
vt 0.540933 0.880231
vt 0.494186 0.879370
vt 0.497862 0.867780
vt 0.548797 0.869078
vt 0.958701 0.091036
vt 0.956764 0.147051
vt 0.945243 0.141086
vt 0.598524 0.880231
vt 0.555955 0.856222
vt 0.603879 0.867062
vt 0.295969 0.606400
vt 0.283133 0.606098
vt 0.279726 0.546490
vt 0.292900 0.548101
vt 0.266370 0.607065
vt 0.261919 0.552751
vt 0.478325 0.608425
vt 0.474564 0.590482
vt 0.526151 0.589070
vt 0.488450 0.621791
vt 0.478881 0.559985
vt 0.515006 0.558263
vt 0.571342 0.558627
vt 0.584233 0.588302
vt 0.604113 0.559678
vt 0.608289 0.588000
vt 0.618986 0.560057
vt 0.622644 0.587646
vt 0.001141 0.284019
vt 0.005399 0.255521
vt 0.021061 0.256213
vt 0.015544 0.284367
vt 0.057089 0.256468
vt 0.044876 0.284848
vt 0.039032 0.299344
vt 0.101196 0.286072
vt 0.092106 0.300681
vt 0.084252 0.311474
vt 0.036361 0.310824
vt 0.150117 0.286012
vt 0.148199 0.301638
vt 0.141501 0.313028
vt 0.389484 0.748618
vt 0.373858 0.746984
vt 0.373786 0.690138
vt 0.390552 0.688706
vt 0.402586 0.686850
vt 0.402373 0.748187
vt 0.486250 0.318726
vt 0.483687 0.302041
vt 0.524226 0.299358
vt 0.533280 0.313823
vt 0.540581 0.324148
vt 0.494631 0.329234
vt 0.578393 0.295711
vt 0.582909 0.309557
vt 0.585746 0.320859
vt 0.608576 0.293601
vt 0.610103 0.307858
vt 0.626056 0.292681
vt 0.625715 0.307351
vt 0.454382 0.856459
vt 0.454763 0.843330
vt 0.470877 0.842958
vt 0.469624 0.855335
vt 0.507528 0.842624
vt 0.501305 0.855473
vt 0.563246 0.842110
vt 0.353116 0.324818
vt 0.352905 0.380560
vt 0.325332 0.368114
vt 0.324796 0.314404
vt 0.271684 0.654262
vt 0.239505 0.647682
vt 0.236336 0.611511
vt 0.287910 0.658467
vt 0.204610 0.650955
vt 0.200702 0.613872
vt 0.195370 0.561285
vt 0.231403 0.559724
vt 0.172412 0.615770
vt 0.168838 0.567223
vt 0.473415 0.523821
vt 0.477900 0.497321
vt 0.501508 0.495583
vt 0.506001 0.521451
vt 0.553924 0.493380
vt 0.560584 0.521742
vt 0.598284 0.494360
vt 0.601021 0.520912
vt 0.619007 0.494592
vt 0.622366 0.521804
vt 0.001675 0.217814
vt 0.005951 0.189715
vt 0.027977 0.189854
vt 0.023999 0.216926
vt 0.076101 0.188434
vt 0.067413 0.217616
vt 0.121643 0.190633
vt 0.117133 0.218166
vt 0.111103 0.256763
vt 0.347296 0.781290
vt 0.307658 0.781290
vt 0.305575 0.744326
vt 0.345603 0.745895
vt 0.145693 0.256308
vt 0.306092 0.689931
vt 0.344996 0.690924
vt 0.307944 0.656472
vt 0.346410 0.657257
vt 0.376360 0.649373
vt 0.515429 0.269993
vt 0.507451 0.232646
vt 0.558508 0.230147
vt 0.567677 0.266975
vt 0.601950 0.229883
vt 0.604885 0.264681
vt 0.625842 0.230225
vt 0.622284 0.263701
vt 0.896868 0.570522
vt 0.929433 0.568330
vt 0.930394 0.593540
vt 0.897339 0.588467
vt 0.324796 0.429395
vt 0.325284 0.411442
vt 0.352294 0.417199
vt 0.351521 0.433292
vt 0.931407 0.643008
vt 0.897394 0.631740
vt 0.412227 0.051313
vt 0.412499 0.100928
vt 0.387177 0.095486
vt 0.386040 0.043110
vt 0.386478 0.000960
vt 0.412822 0.003400
vt 0.930582 0.690879
vt 0.896868 0.685361
vt 0.752960 0.552031
vt 0.754827 0.509924
vt 0.785605 0.515739
vt 0.785779 0.554409
vt 0.176364 0.648918
vt 0.142506 0.654345
vt 0.137615 0.617078
vt 0.116427 0.654279
vt 0.108963 0.620630
vt 0.104338 0.575449
vt 0.132168 0.569234
vt 0.103274 0.552056
vt 0.129608 0.543994
vt 0.166407 0.543499
vt 0.497497 0.458692
vt 0.497020 0.432271
vt 0.540618 0.430120
vt 0.545536 0.457795
vt 0.592268 0.428635
vt 0.595241 0.455722
vt 0.618213 0.427805
vt 0.622644 0.456335
vt 0.002760 0.151961
vt 0.005555 0.122634
vt 0.033203 0.123366
vt 0.030224 0.151419
vt 0.084021 0.124729
vt 0.081079 0.154106
vt 0.123170 0.124003
vt 0.123826 0.152805
vt 0.242313 0.775985
vt 0.214753 0.771387
vt 0.213794 0.739844
vt 0.241580 0.741995
vt 0.280508 0.743180
vt 0.280673 0.774085
vt 0.242590 0.690236
vt 0.281835 0.691659
vt 0.245014 0.657041
vt 0.282733 0.660522
vt 0.506007 0.206784
vt 0.503114 0.169278
vt 0.549306 0.170051
vt 0.554435 0.202827
vt 0.598152 0.167879
vt 0.599852 0.202310
vt 0.625272 0.166082
vt 0.621606 0.202873
vt 0.752960 0.430760
vt 0.788114 0.430452
vt 0.787998 0.461728
vt 0.753672 0.457761
vt 0.387283 0.122565
vt 0.412822 0.126235
vt 0.589608 0.001274
vt 0.620938 0.000793
vt 0.618124 0.027294
vt 0.584759 0.026512
vt 0.531978 0.025251
vt 0.535594 0.000793
vt 0.561307 0.921172
vt 0.508428 0.920135
vt 0.507818 0.882861
vt 0.564423 0.881303
vt 0.598762 0.882285
vt 0.595733 0.921172
vt 0.497473 0.026829
vt 0.496809 0.002353
vt 0.001326 0.661122
vt 0.035700 0.660665
vt 0.033049 0.686313
vt 0.001388 0.689745
vt 0.074888 0.658029
vt 0.043945 0.658467
vt 0.043493 0.624888
vt 0.069795 0.623282
vt 0.037273 0.583291
vt 0.063126 0.577235
vt 0.033099 0.560986
vt 0.061639 0.553983
vt 0.492249 0.390515
vt 0.493186 0.361926
vt 0.532998 0.364420
vt 0.535033 0.391157
vt 0.588015 0.362477
vt 0.590672 0.388576
vt 0.616581 0.359836
vt 0.620023 0.389038
vt 0.001141 0.084373
vt 0.004595 0.054367
vt 0.033371 0.055876
vt 0.031622 0.083164
vt 0.085684 0.053388
vt 0.085579 0.081432
vt 0.124698 0.048897
vt 0.124842 0.080304
vt 0.170595 0.773781
vt 0.140601 0.767755
vt 0.143487 0.735087
vt 0.169228 0.738759
vt 0.143814 0.689279
vt 0.170053 0.687922
vt 0.214716 0.689968
vt 0.174086 0.656300
vt 0.216443 0.659914
vt 0.502879 0.139818
vt 0.499141 0.097786
vt 0.546351 0.099761
vt 0.547572 0.138444
vt 0.597606 0.096841
vt 0.597225 0.138103
vt 0.623422 0.096953
vt 0.621136 0.137403
vt 0.597080 0.068566
vt 0.619743 0.066843
vt 0.128621 0.662519
vt 0.124388 0.690027
vt 0.088780 0.685756
vt 0.092449 0.660665
vt 0.471521 0.881769
vt 0.475024 0.919993
vt 0.114832 0.723109
vt 0.084311 0.717411
vt 0.035159 0.719038
vt 0.080185 0.746068
vt 0.038779 0.747236
vt 0.019581 0.752582
vt 0.007164 0.724529
vt 0.380410 0.850807
vt 0.357245 0.857216
vt 0.346621 0.838124
vt 0.365800 0.825708
vt 0.010906 0.657795
vt 0.012540 0.628849
vt 0.327585 0.817552
vt 0.342249 0.798228
vt 0.006399 0.594606
vt 0.311824 0.808352
vt 0.322150 0.784253
vt 0.001066 0.574116
vt 0.290165 0.805938
vt 0.290201 0.783679
vt 0.501826 0.329942
vt 0.533582 0.333983
vt 0.253339 0.811039
vt 0.242917 0.789350
vt 0.581170 0.332041
vt 0.236728 0.818662
vt 0.218044 0.796149
vt 0.606583 0.327667
vt 0.225064 0.832069
vt 0.206150 0.817508
vt 0.013972 0.020166
vt 0.037508 0.023270
vt 0.046531 0.000579
vt 0.081272 0.002019
vt 0.083039 0.023383
vt 0.295863 0.572011
vt 0.314156 0.549577
vt 0.329344 0.563521
vt 0.315859 0.586760
vt 0.117395 0.017138
vt 0.350965 0.573566
vt 0.343942 0.599036
vt 0.335406 0.628965
vt 0.303644 0.619169
vt 0.385416 0.578659
vt 0.383963 0.605128
vt 0.380632 0.636689
vt 0.406276 0.575699
vt 0.411753 0.602579
vt 0.411198 0.637997
vt 0.500278 0.067324
vt 0.511125 0.034986
vt 0.549942 0.039866
vt 0.546463 0.071049
vt 0.144811 0.658757
vt 0.591816 0.036507
vt 0.465704 0.572659
vt 0.439457 0.592665
vt 0.430192 0.566904
vt 0.446624 0.549577
vt 0.131352 0.730952
vt 0.115101 0.757408
vt 0.101586 0.752011
vt 0.612232 0.034986
vt 0.332864 0.935795
vt 0.319050 0.944662
vt 0.306301 0.922222
vt 0.316253 0.914514
vt 0.325763 0.901724
vt 0.345034 0.917276
vt 0.098931 0.442957
vt 0.104231 0.427941
vt 0.116994 0.435534
vt 0.113706 0.448393
vt 0.113914 0.463188
vt 0.098368 0.467386
vt 0.333582 0.878604
vt 0.357744 0.877935
vt 0.120324 0.473567
vt 0.101844 0.481587
vt 0.332800 0.863211
vt 0.133058 0.477497
vt 0.107762 0.491292
vt 0.324538 0.849482
vt 0.307514 0.860953
vt 0.302131 0.851376
vt 0.313083 0.836698
vt 0.293787 0.846807
vt 0.301481 0.830551
vt 0.286173 0.846543
vt 0.286743 0.830361
vt 0.273013 0.848448
vt 0.267332 0.834946
vt 0.263243 0.853093
vt 0.255034 0.840626
vt 0.255883 0.858930
vt 0.245707 0.849875
vt 0.249430 0.872111
vt 0.235119 0.868333
vt 0.211217 0.864557
vt 0.245988 0.885671
vt 0.230844 0.887619
vt 0.206150 0.891431
vt 0.130516 0.000837
vt 0.146705 0.008462
vt 0.143167 0.020833
vt 0.125542 0.017393
vt 0.236979 0.903902
vt 0.215228 0.913531
vt 0.143873 0.035964
vt 0.125913 0.039973
vt 0.251352 0.921312
vt 0.237344 0.940420
vt 0.146705 0.046924
vt 0.130475 0.054588
vt 0.265970 0.928129
vt 0.256944 0.950275
vt 0.271691 0.914137
vt 0.286848 0.912709
vt 0.288226 0.927989
vt 0.289253 0.951878
vt 0.300447 0.910853
vt 0.143293 0.250373
vt 0.129645 0.252420
vt 0.130237 0.237012
vt 0.141999 0.237579
vt 0.120763 0.426911
vt 0.132614 0.431645
vt 0.130546 0.439991
vt 0.108277 0.417116
vt 0.114451 0.252469
vt 0.117619 0.230817
vt 0.634585 0.948466
vt 0.620553 0.948466
vt 0.875901 0.243691
vt 0.133058 0.452974
vt 0.129046 0.463338
vt 0.355418 0.419645
vt 0.360051 0.405133
vt 0.372555 0.405025
vt 0.368164 0.417805
vt 0.911895 0.001695
vt 0.368934 0.780733
vt 0.367327 0.764502
vt 0.378681 0.766907
vt 0.378268 0.782455
vt 0.365404 0.750587
vt 0.381697 0.752291
vt 0.023882 0.508350
vt 0.001987 0.508115
vt 0.360200 0.393916
vt 0.375292 0.392657
vt 0.355418 0.384772
vt 0.372190 0.385233
vt 0.750183 0.919856
vt 0.789820 0.911676
vt 0.755300 0.938231
vt 0.764022 0.938231
vt 0.012722 0.474505
vt 0.023882 0.476394
vt 0.131333 0.214001
vt 0.143293 0.214921
vt 0.120323 0.214676
vt 0.897978 0.200307
vt 0.914349 0.206072
vt 0.786487 0.901254
vt 0.769473 0.895670
vt 0.008945 0.017007
vt 0.009843 0.015084
vt 0.010235 0.027294
vt 0.006870 0.015691
vt 0.010235 0.001447
vt 0.107880 0.013792
vt 0.108154 0.014049
vt 0.108049 0.014395
vt 0.107880 0.014271
vt 0.108046 0.013601
vt 0.108311 0.013890
vt 0.037529 0.017255
vt 0.037529 0.017729
vt 0.037222 0.017565
vt 0.037261 0.017270
vt 0.108448 0.014233
vt 0.108458 0.014068
vt 0.108861 0.014107
vt 0.108767 0.014399
vt 0.108721 0.014644
vt 0.108388 0.014559
vt 0.036881 0.017500
vt 0.037089 0.017213
vt 0.037232 0.017986
vt 0.036876 0.017930
vt 0.036491 0.017958
vt 0.036437 0.017523
vt 0.036922 0.018331
vt 0.036541 0.018314
vt 0.036147 0.018303
vt 0.036084 0.017976
vt 0.036091 0.017640
vt 0.109176 0.014237
vt 0.109009 0.014468
vt 0.108885 0.014654
vt 0.108887 0.014912
vt 0.108685 0.014901
vt 0.108889 0.015182
vt 0.108648 0.015160
vt 0.108345 0.015115
vt 0.108367 0.014836
vt 0.108043 0.015073
vt 0.108045 0.014758
vt 0.107922 0.014963
vt 0.107891 0.014658
vt 0.037517 0.018111
vt 0.037482 0.018411
vt 0.037262 0.018383
vt 0.037461 0.018787
vt 0.037247 0.018741
vt 0.036978 0.018702
vt 0.037222 0.019104
vt 0.036998 0.019062
vt 0.036727 0.019021
vt 0.036621 0.018671
vt 0.036375 0.019003
vt 0.036262 0.018655
vt 0.036805 0.019382
vt 0.036484 0.019338
vt 0.036804 0.019734
vt 0.036602 0.019701
vt 0.036776 0.020024
vt 0.036600 0.019985
vt 0.036718 0.020263
vt 0.036548 0.020235
vt 0.036633 0.020432
vt 0.036499 0.020470
vt 0.108912 0.017042
vt 0.108727 0.017008
vt 0.108661 0.016823
vt 0.108906 0.016782
vt 0.108643 0.016538
vt 0.108900 0.016505
vt 0.108621 0.016259
vt 0.108896 0.016215
vt 0.108611 0.015979
vt 0.108894 0.015944
vt 0.108586 0.015703
vt 0.108892 0.015672
vt 0.108615 0.015418
vt 0.108891 0.015449
vt 0.108352 0.015731
vt 0.108329 0.015373
vt 0.108093 0.015725
vt 0.108013 0.015311
vt 0.107974 0.015719
vt 0.107939 0.015345
vt 0.108151 0.016100
vt 0.108006 0.016102
vt 0.037420 0.019154
vt 0.037383 0.019531
vt 0.037206 0.019477
vt 0.037372 0.019877
vt 0.037177 0.019824
vt 0.036990 0.019787
vt 0.036997 0.019430
vt 0.037120 0.020115
vt 0.036954 0.020063
vt 0.119411 0.020198
vt 0.119411 0.020471
vt 0.119352 0.020214
vt 0.139837 0.081845
vt 0.139882 0.081681
vt 0.139882 0.081882
vt 0.036876 0.020301
vt 0.146705 0.037343
vt 0.146691 0.037529
vt 0.146637 0.037526
vt 0.146632 0.037343
vt 0.141588 0.107273
vt 0.141588 0.107470
vt 0.141530 0.107428
vt 0.108478 0.016891
vt 0.108437 0.016617
vt 0.108254 0.016696
vt 0.108215 0.016399
vt 0.108427 0.016326
vt 0.108407 0.016049
vt 0.108017 0.016451
vt 0.102352 0.006529
vt 0.102330 0.006823
vt 0.102330 0.006525
vt 0.124529 0.120906
vt 0.124529 0.121117
vt 0.124512 0.121101
vt 0.037348 0.017061
vt 0.143206 0.141029
vt 0.143293 0.141276
vt 0.143249 0.141588
vt 0.143206 0.141357
vt 0.108848 0.017059
vt 0.108718 0.017021
vt 0.136140 0.000844
vt 0.136470 0.001110
vt 0.136470 0.001706
vt 0.135944 0.001017
vt 0.136031 0.000479
vt 0.136186 0.000577
vt 0.136470 0.000728
vt 0.136084 0.000394
vt 0.136470 0.000371
vt 0.107470 0.001656
vt 0.107363 0.001706
vt 0.107389 0.001621
vt 0.107363 0.001459
vt 0.141588 0.074820
vt 0.141588 0.075058
vt 0.141375 0.075015
vt 0.092045 0.020223
vt 0.092117 0.020392
vt 0.092045 0.020470
vt 0.127578 0.053614
vt 0.127582 0.053250
vt 0.127900 0.053181
vt 0.127941 0.053573
vt 0.127941 0.054012
vt 0.127071 0.053778
vt 0.144621 0.145891
vt 0.144690 0.146258
vt 0.144653 0.146034
vt 0.144402 0.145843
vt 0.144999 0.145873
vt 0.144943 0.146279
vt 0.144889 0.145493
vt 0.144999 0.145465
vt 0.011941 0.019986
vt 0.011941 0.020430
vt 0.011920 0.020470
vt 0.011880 0.020171
vt 0.144890 0.146657
vt 0.144759 0.146705
vt 0.146624 0.030511
vt 0.146705 0.030706
vt 0.146456 0.030646
vt 0.146456 0.030375
vt 0.001706 0.146104
vt 0.001680 0.146389
vt 0.001449 0.146325
vt 0.001430 0.146104
vt 0.001360 0.146393
vt 0.001208 0.146104
vt 0.138176 0.061381
vt 0.138143 0.061411
vt 0.138095 0.061192
vt 0.138176 0.061015
vt 0.003308 0.132885
vt 0.003219 0.133058
vt 0.003219 0.132383
vt 0.003412 0.132478
vt 0.127939 0.054538
vt 0.127735 0.054588
vt 0.127404 0.053034
vt 0.127860 0.052811
vt 0.127459 0.052380
vt 0.127813 0.052369
vt 0.090073 0.018910
vt 0.090411 0.019026
vt 0.090372 0.018880
vt 0.090000 0.019092
vt 0.144955 0.145288
vt 0.001683 0.146705
vt 0.090290 0.019670
vt 0.090411 0.020470
vt 0.124430 0.032412
vt 0.124430 0.031808
vt 0.124486 0.031785
vt 0.124529 0.032057
vt 0.143022 0.135401
vt 0.142880 0.134926
vt 0.143293 0.134735
vt 0.143278 0.135454
vt 0.142987 0.135225
vt 0.142670 0.135084
vt 0.013507 0.001402
vt 0.013328 0.001706
vt 0.013328 0.001192
vt 0.013647 0.001294
vt 0.143225 0.136258
vt 0.142346 0.136470
vt 0.142959 0.135754
vt 0.142346 0.134941
vt 0.142720 0.134616
vt 0.143168 0.134228
vt 0.124529 0.036262
vt 0.124252 0.036538
vt 0.124194 0.035542
vt 0.124510 0.035645
vt 0.142931 0.057615
vt 0.142916 0.057190
vt 0.143293 0.057238
vt 0.143293 0.058000
vt 0.123878 0.037529
vt 0.123878 0.035440
vt 0.141404 0.001706
vt 0.141153 0.000668
vt 0.141074 0.000377
vt 0.141588 0.000377
vt 0.124887 0.130877
vt 0.125789 0.132556
vt 0.125456 0.132712
vt 0.124723 0.132686
vt 0.125600 0.134823
vt 0.124723 0.134779
vt 0.132489 0.099375
vt 0.133058 0.099004
vt 0.132982 0.100521
vt 0.133058 0.100647
vt 0.151567 0.002792
vt 0.153529 0.002026
vt 0.153529 0.002571
vt 0.151637 0.002973
vt 0.085028 0.008529
vt 0.085028 0.006861
vt 0.085120 0.006797
vt 0.085294 0.008375
vt 0.151460 0.002385
vt 0.153529 0.001125
vt 0.138148 0.056280
vt 0.137851 0.056294
vt 0.137851 0.054397
vt 0.138176 0.054388
vt 0.153529 0.003070
vt 0.152121 0.003364
vt 0.153529 0.003412
vt 0.151815 0.003217
vt 0.125942 0.045896
vt 0.126235 0.047585
vt 0.125942 0.047764
vt 0.125966 0.045900
vt 0.126051 0.136420
vt 0.125731 0.136470
vt 0.126235 0.134440
vt 0.127543 0.001379
vt 0.127941 0.002783
vt 0.127543 0.003412
vt 0.127545 0.003075
s 1
usemtl tripo_mat_179af288-6e8e-4983-8e71-20b19750dc94
f 2/1 50/2 51/3 4/4
f 3/5 52/6 53/7 6/8
f 3/5 54/9 55/10 52/6
f 4/4 51/3 5/11 46/12
f 5/13 51/14 56/15 57/16
f 5/17 57/18 58/19 46/20
f 9/21 59/22 60/23 10/24
f 8/25 61/26 62/27 63/28
f 10/24 60/23 64/29 50/30
f 8/25 63/28 12/31 11/32
f 12/31 63/28 65/33 66/34
f 13/35 67/36 68/37 69/38
f 13/35 69/38 70/39 71/40
f 13/35 71/40 72/41 67/36
f 14/42 73/43 74/44 75/45
f 14/42 76/46 77/47 73/43
f 14/42 75/45 78/48 76/46
f 15/49 79/50 80/51 81/52
f 15/49 81/52 82/53 83/54
f 15/55 83/56 84/57 79/58
f 16/59 85/60 86/61 87/62
f 16/59 88/63 89/64 85/60
f 16/59 87/62 90/65 88/63
f 17/66 91/67 92/68 93/69
f 18/70 94/71 95/72 31/73
f 18/74 31/75 96/76 94/77
f 18/78 93/69 92/68 97/79
f 20/80 98/81 99/82 100/83
f 20/84 100/85 101/86 102/87
f 21/88 30/89 103/90 104/91
f 22/92 105/93 106/94 98/95
f 25/96 112/97 45/98 113/99
f 26/100 24/101 114/102 115/103
f 29/104 117/105 118/106 119/107
f 30/108 120/109 121/110 122/111
f 30/112 25/113 59/114 123/115
f 30/116 123/117 124/118 120/119
f 31/120 32/121 118/106 117/105
f 32/122 97/123 125/124 118/125
f 33/126 123/127 59/22 9/21
f 34/128 123/129 33/130 126/131
f 35/132 127/133 128/134 37/135
f 35/132 37/135 129/136 130/137
f 35/138 130/139 131/140 127/141
f 36/142 132/143 133/144 134/145
f 36/146 134/147 127/148 131/149
f 36/150 131/151 135/152 132/153
f 41/154 142/155 143/156 144/157
f 43/158 147/159 148/160 149/161
f 150/162 151/163 147/164 43/165
f 43/166 149/167 49/168 150/169
f 44/170 152/171 139/172 40/173
f 44/174 153/175 154/176 152/177
f 44/178 47/179 155/180 153/181
f 45/98 112/97 156/182 157/183
f 45/98 157/183 158/184 113/99
f 47/185 159/186 160/187 161/188
f 48/189 7/190 162/191 163/192
f 160/193 159/194 164/195 165/196
f 160/193 165/196 166/197 167/198
f 167/199 166/200 168/201 169/202
f 167/203 169/204 38/205 170/206
f 169/202 168/201 171/207 172/208
f 169/202 172/208 129/209 38/210
f 172/208 171/207 173/211 174/212
f 172/208 174/212 130/213 129/209
f 174/212 173/211 175/214 176/215
f 174/216 176/217 177/218 130/219
f 177/218 135/152 131/151 130/219
f 177/218 176/217 178/220 179/221
f 177/218 179/221 180/222 135/152
f 179/221 178/220 181/223 55/224
f 179/221 55/224 54/225 180/222
f 181/226 178/227 182/228 183/229
f 181/226 183/229 184/230 185/231
f 181/226 185/231 52/232 55/233
f 185/231 184/230 186/234 187/235
f 185/231 187/235 53/236 52/232
f 187/235 186/234 188/237 189/238
f 187/235 189/238 190/239 53/236
f 190/240 191/241 6/8 53/7
f 190/239 189/238 192/242 193/243
f 190/244 193/245 62/27 191/246
f 193/245 192/247 194/248 65/33
f 193/245 65/33 63/28 62/27
f 194/249 192/250 195/251 196/252
f 194/249 196/252 197/253 198/254
f 194/248 198/255 66/34 65/33
f 198/254 197/253 199/256 200/257
f 198/255 200/258 126/259 66/34
f 199/256 197/253 201/260 202/261
f 199/256 202/261 203/262 204/263
f 199/256 204/263 17/264 200/257
f 204/263 203/262 205/265 206/266
f 204/263 206/266 91/267 17/264
f 206/266 205/265 207/268 208/269
f 206/266 208/269 209/270 91/267
f 209/271 210/272 92/68 91/67
f 209/270 208/269 211/273 212/274
f 209/275 212/276 213/277 210/278
f 212/274 211/273 164/195 159/194
f 212/276 159/186 47/185 213/277
f 211/273 208/269 207/268 214/279
f 211/273 214/279 215/280 164/195
f 215/281 214/282 216/283 217/284
f 215/281 217/284 218/285 219/286
f 215/280 219/287 165/196 164/195
f 219/288 218/289 220/290 221/291
f 219/287 221/292 166/197 165/196
f 221/291 220/290 222/293 223/294
f 221/292 223/295 168/296 166/197
f 223/294 222/293 224/297 225/298
f 223/295 225/299 171/300 168/296
f 225/298 224/297 226/301 227/302
f 225/299 227/303 173/304 171/300
f 227/302 226/301 228/305 229/306
f 227/303 229/307 175/308 173/304
f 229/309 228/310 230/311 231/312
f 229/307 231/313 182/314 175/308
f 231/315 230/316 232/317 233/318
f 231/313 233/319 183/320 182/314
f 233/318 232/317 234/321 235/322
f 233/319 235/323 184/324 183/320
f 235/322 234/321 236/325 237/326
f 235/322 237/326 186/234 184/230
f 237/326 236/325 238/327 239/328
f 237/326 239/328 188/237 186/234
f 239/328 238/327 240/329 241/330
f 239/331 241/332 195/251 188/333
f 241/334 240/335 242/336 243/337
f 241/332 243/338 196/252 195/251
f 243/337 242/336 244/339 201/340
f 243/338 201/260 197/253 196/252
f 244/339 242/336 245/341 246/342
f 244/339 246/342 247/343 248/344
f 244/345 248/346 202/261 201/260
f 248/347 247/348 249/349 250/350
f 248/346 250/351 203/262 202/261
f 250/350 249/349 251/352 252/353
f 250/351 252/354 205/265 203/262
f 252/353 251/352 253/355 254/356
f 252/354 254/357 207/268 205/265
f 254/358 253/359 255/360 216/283
f 254/357 216/361 214/279 207/268
f 255/360 253/359 256/362 257/363
f 255/360 257/363 258/364 259/365
f 255/360 259/365 217/284 216/283
f 259/365 258/364 260/366 261/367
f 259/365 261/367 218/285 217/284
f 261/367 260/366 262/368 263/369
f 261/367 263/369 220/370 218/285
f 263/371 262/372 264/373 265/374
f 263/375 265/376 222/293 220/290
f 265/374 264/373 266/377 267/378
f 265/376 267/379 224/297 222/293
f 267/378 266/377 268/380 269/381
f 267/379 269/382 226/301 224/297
f 269/383 268/384 270/385 271/386
f 269/383 271/386 228/310 226/387
f 271/386 270/385 272/388 273/389
f 271/386 273/389 230/311 228/310
f 273/389 272/388 274/390 275/391
f 273/389 275/391 232/392 230/311
f 275/393 274/394 276/395 277/396
f 275/397 277/398 234/321 232/317
f 277/396 276/395 278/399 279/400
f 277/398 279/401 236/325 234/321
f 279/400 278/399 280/402 281/403
f 279/401 281/404 238/327 236/325
f 281/403 280/402 282/405 283/406
f 281/404 283/407 240/329 238/327
f 283/408 282/409 284/410 245/341
f 283/408 245/341 242/336 240/335
f 284/410 282/409 285/411 286/412
f 284/410 286/412 287/413 288/414
f 284/410 288/414 246/342 245/341
f 288/414 287/413 289/415 290/416
f 288/414 290/416 247/343 246/342
f 290/417 289/418 291/419 292/420
f 290/417 292/420 249/349 247/348
f 292/420 291/419 293/421 294/422
f 292/420 294/422 251/352 249/349
f 294/422 293/421 295/423 256/424
f 294/422 256/424 253/355 251/352
f 295/423 293/421 296/425 297/426
f 295/427 297/428 298/429 299/430
f 295/427 299/430 257/363 256/362
f 299/430 298/429 300/431 301/432
f 299/430 301/432 258/364 257/363
f 301/432 300/431 302/433 303/434
f 301/432 303/434 260/366 258/364
f 303/434 302/433 304/435 305/436
f 303/434 305/436 262/368 260/366
f 305/437 304/438 306/439 307/440
f 305/441 307/442 264/443 262/444
f 307/440 306/439 308/445 309/446
f 307/442 309/447 266/448 264/443
f 309/446 308/445 310/449 311/450
f 309/447 311/451 268/452 266/448
f 311/453 310/454 312/455 313/456
f 311/453 313/456 270/385 268/384
f 313/456 312/455 314/457 315/458
f 313/456 315/458 272/388 270/385
f 315/458 314/457 316/459 317/460
f 315/458 317/460 274/390 272/388
f 317/461 316/462 318/463 319/464
f 317/461 319/464 276/395 274/394
f 319/464 318/463 320/465 321/466
f 319/464 321/466 278/399 276/395
f 321/466 320/465 322/467 323/468
f 321/466 323/468 280/402 278/399
f 323/468 322/467 324/469 285/470
f 323/468 285/470 282/405 280/402
f 324/469 322/467 325/471 326/472
f 324/473 326/474 327/475 328/476
f 324/473 328/476 286/412 285/411
f 328/476 327/475 329/477 330/478
f 328/476 330/478 287/413 286/412
f 330/478 329/477 331/479 332/480
f 330/478 332/480 289/415 287/413
f 332/481 331/482 333/483 334/484
f 332/481 334/484 291/419 289/418
f 334/484 333/483 335/485 296/425
f 334/484 296/425 293/421 291/419
f 335/485 333/483 336/486 337/487
f 335/485 337/487 338/488 339/489
f 335/485 339/489 297/426 296/425
f 339/490 338/491 340/492 341/493
f 339/490 341/493 298/429 297/428
f 341/493 340/492 342/494 343/495
f 341/493 343/495 300/431 298/429
f 343/495 342/494 344/496 345/497
f 343/495 345/497 302/433 300/431
f 345/497 344/496 346/498 347/499
f 345/497 347/499 304/435 302/433
f 347/500 346/501 348/502 349/503
f 347/504 349/505 306/506 304/507
f 349/503 348/502 350/508 351/509
f 349/505 351/510 308/511 306/506
f 351/509 350/508 352/512 353/513
f 351/510 353/514 310/515 308/511
f 353/516 352/517 354/518 355/519
f 353/516 355/519 312/455 310/454
f 355/519 354/518 356/520 357/521
f 355/519 357/521 314/457 312/455
f 357/521 356/520 358/522 359/523
f 357/521 359/523 316/459 314/457
f 359/524 358/525 360/526 361/527
f 359/524 361/527 318/463 316/462
f 361/527 360/526 362/528 363/529
f 361/527 363/529 320/465 318/463
f 363/529 362/528 364/530 325/471
f 363/529 325/471 322/467 320/465
f 364/530 362/528 365/531 366/532
f 364/530 366/532 367/533 368/534
f 364/530 368/534 326/472 325/471
f 368/535 367/536 369/537 370/538
f 368/535 370/538 327/475 326/474
f 370/538 369/537 371/539 372/540
f 370/538 372/540 329/477 327/475
f 372/540 371/539 373/541 374/542
f 372/540 374/542 331/479 329/477
f 374/543 373/544 375/545 336/486
f 374/543 336/486 333/483 331/482
f 375/545 373/544 376/546 377/547
f 375/545 377/547 378/548 379/549
f 375/545 379/549 337/487 336/486
f 379/549 378/548 380/550 381/551
f 379/549 381/551 338/488 337/487
f 381/552 380/553 382/554 383/555
f 381/552 383/555 340/492 338/491
f 383/555 382/554 384/556 385/557
f 383/555 385/557 342/494 340/492
f 385/557 384/556 386/558 387/559
f 385/557 387/559 344/496 342/494
f 387/559 386/558 388/560 389/561
f 387/559 389/561 346/498 344/496
f 389/562 388/563 390/564 391/565
f 389/566 391/567 348/568 346/569
f 391/565 390/564 392/570 393/571
f 391/567 393/572 350/573 348/568
f 393/571 392/570 394/574 395/575
f 393/572 395/576 352/577 350/573
f 395/578 394/579 396/580 397/581
f 395/578 397/581 354/518 352/517
f 397/581 396/580 398/582 399/583
f 397/581 399/583 356/520 354/518
f 399/583 398/582 400/584 401/585
f 399/583 401/585 358/522 356/520
f 401/586 400/587 402/588 403/589
f 401/586 403/589 360/526 358/525
f 403/589 402/588 404/590 365/531
f 403/589 365/531 362/528 360/526
f 404/590 402/588 74/591 405/592
f 404/590 405/592 68/593 406/594
f 404/590 406/594 366/532 365/531
f 406/594 68/593 67/595 407/596
f 406/594 407/596 367/533 366/532
f 407/597 67/598 72/599 408/600
f 407/597 408/600 369/537 367/536
f 408/600 72/599 409/601 410/602
f 408/600 410/602 371/539 369/537
f 410/602 409/601 411/603 376/604
f 410/602 376/604 373/541 371/539
f 411/605 409/606 412/607 413/608
f 411/605 413/608 414/609 415/610
f 411/611 415/612 377/547 376/546
f 415/610 414/609 85/60 89/64
f 415/612 89/613 378/548 377/547
f 414/609 413/608 416/614 417/615
f 414/609 417/615 86/61 85/60
f 417/615 418/616 419/617 86/61
f 417/615 416/614 420/618 418/616
f 420/618 421/619 422/620 418/616
f 420/618 416/614 423/621 424/622
f 420/618 424/622 425/623 421/619
f 425/623 426/624 427/625 421/619
f 425/623 424/622 428/626 77/47
f 425/623 77/47 76/46 426/624
f 428/626 424/622 423/621 70/39
f 428/626 70/39 69/38 429/627
f 428/626 429/627 73/43 77/47
f 429/627 405/628 74/44 73/43
f 429/627 69/38 68/37 405/628
f 427/625 430/629 431/630 432/631
f 427/625 432/631 422/620 421/619
f 427/625 426/624 433/632 430/629
f 433/633 396/580 394/579 430/634
f 433/632 426/624 76/46 78/48
f 433/633 78/635 398/582 396/580
f 432/631 431/630 84/636 83/54
f 432/631 83/54 82/53 422/620
f 431/637 392/570 390/564 84/57
f 431/637 430/638 394/574 392/570
f 423/621 416/614 413/608 412/607
f 423/621 412/607 71/40 70/39
f 422/620 82/53 419/617 418/616
f 419/617 82/53 81/52 434/639
f 419/617 434/639 87/62 86/61
f 434/639 81/52 80/51 435/640
f 434/639 435/640 90/65 87/62
f 435/641 384/556 382/554 90/642
f 435/641 80/643 386/558 384/556
f 412/607 409/606 72/41 71/40
f 402/588 400/587 75/644 74/591
f 400/584 398/582 78/635 75/645
f 390/564 388/563 79/58 84/57
f 388/560 386/558 80/643 79/646
f 382/554 380/553 88/647 90/642
f 380/550 378/548 89/613 88/648
f 195/649 192/242 189/238 188/237
f 182/314 178/650 176/651 175/308
f 180/222 58/19 132/153 135/152
f 158/184 157/183 436/652 437/653
f 158/184 437/653 56/15 64/29
f 158/184 64/29 60/23 113/99
f 437/653 436/652 134/145 133/144
f 437/653 133/144 57/16 56/15
f 42/654 147/655 213/277 47/185
f 138/656 438/657 439/658 136/659
f 439/660 440/661 137/662 136/663
f 440/661 441/664 442/665 137/662
f 436/666 128/667 127/148 134/147
f 133/668 132/669 58/670 57/671
f 124/672 123/129 34/128 121/673
f 122/674 443/675 103/90 30/89
f 443/675 444/676 445/677 103/90
f 445/678 446/679 104/680 103/681
f 445/682 447/683 448/684 446/685
f 448/686 449/687 450/688 446/689
f 114/690 24/691 451/692 452/693
f 25/96 113/99 60/23 59/22
f 24/694 26/695 28/696 102/697
f 111/698 110/699 24/700 453/701
f 454/702 23/703 108/704
f 98/705 20/706 19/707 22/708
f 64/29 56/15 51/14 50/30
f 455/709 7/710 48/711
f 10/712 50/2 2/1 1/713
f 10/714 1/715 191/246 62/27
f 27/716 116/717 102/697 28/696
f 42/718 47/719 145/720 146/721
f 40/722 139/723 140/724 141/725
f 96/726 31/727 95/728
f 95/729 94/730 96/731
f 453/732 24/733 110/734
f 451/692 24/691 102/735
f 142/736 41/737 144/738
f 455/739 48/189 163/192
f 162/740 7/741 455/742
f 46/20 58/19 180/222 54/225
f 6/8 191/241 1/743 2/744
f 2/744 4/745 3/5 6/8
f 4/745 46/746 54/9 3/5
f 156/747 112/748 25/749 446/750
f 25/751 30/89 104/91 446/752
f 30/89 21/88 104/91
f 38/753 129/754 37/755 128/756
f 170/757 38/758 157/759 156/760
f 38/761 128/762 436/763 157/764
f 47/765 161/766 160/767
f 47/768 160/769 167/203
f 47/768 167/203 170/206
f 97/79 92/68 210/272
f 97/770 210/278 213/277
f 97/771 213/772 147/773
f 97/774 147/775 42/776
f 97/777 42/778 146/779
f 121/673 34/128 18/78 97/79
f 34/128 17/66 93/69 18/78
f 34/128 126/131 200/780 17/66
f 19/781 20/782 102/783
f 19/781 102/783 105/784
f 19/707 105/785 22/708
f 107/786 23/787 454/788
f 102/789 116/790 27/791
f 102/789 27/791 28/792
f 102/793 28/794 26/795
f 102/796 26/797 115/798
f 97/799 32/800 29/801 119/802
f 32/803 31/804 117/805 29/806
f 138/807 136/808 39/809 442/810
f 150/811 49/812 151/813
f 49/814 149/815 151/816
f 151/817 149/818 147/819
f 149/820 148/821 147/822
f 47/823 44/824 40/825
f 47/826 40/827 141/828
f 47/826 141/828 140/829
f 47/830 140/831 139/832
f 47/833 139/834 152/835
f 23/836 107/837 454/838 108/839
f 109/840 110/841 111/842 453/843
f 39/844 136/845 137/846 442/847
f 456/848 469/849 470/850 471/851
f 456/848 471/851 472/852 473/853
f 456/854 473/855 474/856 475/857
f 457/858 476/859 477/860 478/861
f 457/858 478/861 479/862 480/863
f 457/858 480/863 481/864 476/859
f 456/854 475/857 482/865 469/866
f 458/867 483/868 484/869 485/870
f 458/867 485/870 486/871 487/872
f 458/867 487/872 488/873 483/868
f 459/874 489/875 490/876 491/877
f 459/874 491/877 492/878 493/879
f 459/880 493/881 494/882 489/883
f 460/884 486/871 485/870 495/885
f 496/886 497/887 486/871 460/884
f 460/884 495/885 461/888 496/886
f 461/888 498/889 499/890 500/891
f 461/888 500/891 501/892 502/893
f 461/888 502/893 503/894 496/886
f 461/888 495/885 481/864 498/889
f 462/895 504/896 500/891 499/890
f 462/895 499/890 505/897 506/898
f 462/895 506/898 507/899 504/896
f 463/900 508/901 501/892 509/902
f 463/900 510/903 511/904 508/901
f 463/900 509/902 512/905 510/903
f 464/906 513/907 514/908 503/894
f 464/906 515/909 516/910 513/907
f 464/906 503/894 502/893 515/909
f 465/911 517/912 518/913 519/914
f 466/915 520/916 521/917 522/918
f 466/919 523/920 524/921 520/922
f 466/923 522/924 525/925 523/926
f 467/927 526/928 527/929 528/930
f 467/931 528/932 529/933 530/934
f 467/927 530/935 531/936 526/928
f 532/937 533/938 534/939 535/940
f 468/941 536/942 537/943 538/944
f 539/945 540/946 541/947 524/948
f 539/949 524/921 523/920 536/950
f 541/951 542/952 543/953 544/954
f 541/955 544/956 520/957 524/958
f 541/959 540/960 545/961 542/962
f 545/961 546/963 547/964 542/962
f 545/961 548/965 549/966 546/963
f 549/966 550/967 551/968 546/963
f 549/966 552/969 553/970 550/967
f 553/970 554/971 555/972 550/967
f 553/973 556/974 557/975 554/976
f 557/975 558/977 559/978 554/976
f 557/979 560/980 465/981 558/982
f 559/978 561/983 562/984 563/985
f 559/978 563/985 555/986 554/976
f 559/978 558/977 564/987 561/983
f 564/988 565/989 566/990 561/991
f 564/987 558/977 465/992 519/993
f 564/988 519/994 567/995 565/989
f 567/996 568/997 569/998 565/999
f 567/1000 519/914 518/913 570/1001
f 567/1000 570/1001 571/1002 568/1003
f 571/1002 572/1004 573/1005 568/1003
f 571/1002 570/1001 574/1006 575/1007
f 571/1002 575/1007 576/1008 572/1004
f 576/1008 577/1009 578/1010 572/1004
f 576/1008 575/1007 579/1011 580/1012
f 576/1008 580/1012 581/1013 577/1009
f 581/1013 582/1014 490/1015 577/1009
f 581/1013 580/1012 583/1016 584/1017
f 581/1013 584/1017 585/1018 582/1014
f 585/1019 483/868 488/873 582/1020
f 585/1021 584/1022 586/1023 587/1024
f 585/1019 587/1025 484/869 483/868
f 587/1024 586/1023 588/1026 589/1027
f 587/1025 589/1028 590/1029 484/869
f 590/1029 495/885 485/870 484/869
f 590/1029 589/1028 477/860 476/859
f 590/1029 476/859 481/864 495/885
f 589/1027 588/1026 591/1030 477/1031
f 591/1030 588/1026 592/1032 593/1033
f 591/1030 593/1033 594/1034 595/1035
f 591/1030 595/1035 478/1036 477/1031
f 595/1037 594/1038 596/1039 597/1040
f 595/1037 597/1040 479/1041 478/1042
f 597/1040 596/1039 598/1043 599/1044
f 597/1040 599/1044 600/1045 479/1041
f 600/1046 601/1047 480/863 479/862
f 600/1045 599/1044 602/1048 603/1049
f 600/1046 603/1050 505/897 601/1047
f 603/1049 602/1048 604/1051 605/1052
f 603/1049 605/1052 506/1053 505/1054
f 605/1055 604/1056 606/1057 607/1058
f 605/1055 607/1058 507/1059 506/1060
f 607/1058 606/1057 608/1061 609/1062
f 607/1058 609/1062 512/1063 507/1059
f 609/1062 608/1061 610/1064 611/1065
f 609/1062 611/1065 510/1066 512/1063
f 611/1067 610/1068 612/1069 613/1070
f 611/1071 613/1072 511/904 510/903
f 613/1070 612/1069 614/1073 615/1074
f 613/1070 615/1074 516/1075 511/1076
f 615/1074 614/1073 616/1077 617/1078
f 615/1074 617/1078 513/1079 516/1075
f 617/1080 616/1081 618/1082 619/1083
f 617/1080 619/1083 514/1084 513/1085
f 619/1083 618/1082 620/1086 621/1087
f 619/1083 621/1087 622/1088 514/1084
f 622/1089 496/886 503/894 514/908
f 622/1089 621/1090 623/1091 624/1092
f 622/1089 624/1092 497/887 496/886
f 624/1092 623/1091 494/1093 493/879
f 624/1092 493/879 492/878 497/887
f 623/1094 621/1087 620/1086 625/1095
f 623/1094 625/1095 626/1096 494/882
f 626/1096 625/1095 627/1097 573/1098
f 626/1099 573/1005 572/1004 578/1010
f 626/1096 578/1100 489/883 494/882
f 627/1097 625/1095 620/1086 628/1101
f 627/1102 628/1103 629/1104 569/1105
f 627/1102 569/1105 568/1106 573/1107
f 629/1104 628/1103 630/1108 631/1109
f 629/1110 631/1111 632/1112 566/1113
f 629/1110 566/1113 565/999 569/998
f 632/1112 631/1111 633/1114 634/1115
f 632/1116 634/1117 635/1118 562/1119
f 632/1120 562/1121 561/991 566/990
f 635/1118 634/1117 636/1122 637/1123
f 635/1118 637/1123 638/1124 639/1125
f 635/1126 639/1127 563/985 562/984
f 639/1125 638/1124 640/1128 641/1129
f 639/1127 641/1130 555/986 563/985
f 641/1129 640/1128 642/1131 551/1132
f 641/1133 551/968 550/967 555/972
f 642/1131 640/1128 643/1134 644/1135
f 642/1131 644/1135 645/1136 547/1137
f 642/1131 547/1137 546/1138 551/1132
f 645/1136 644/1135 646/1139 647/1140
f 645/1141 647/1142 648/1143 543/1144
f 645/1141 543/1144 542/1145 547/1146
f 648/1143 647/1142 649/1147 650/1148
f 648/1143 650/1148 531/1149 651/1150
f 648/1151 651/1152 544/954 543/953
f 651/1153 531/1154 530/1155 521/1156
f 651/1153 521/1156 520/957 544/956
f 650/1148 649/1147 652/1157 653/1158
f 650/1148 653/1158 526/1159 531/1149
f 653/1158 652/1157 654/1160 655/1161
f 653/1158 655/1161 527/1162 526/1159
f 655/1161 654/1160 656/1163 657/1164
f 655/1161 657/1164 658/1165 527/1162
f 658/1166 657/1167 659/1168 660/1169
f 658/1170 660/1171 535/1172 661/1173
f 658/1170 661/1173 528/1174 527/1175
f 661/1176 535/940 534/939 662/1177
f 661/1176 662/1177 529/1178 528/1179
f 662/1177 534/939 537/943 525/925
f 662/1177 525/925 522/924 529/1178
f 660/1169 659/1168 663/1180 664/1181
f 660/1171 664/1182 532/1183 535/1172
f 664/1181 663/1180 665/1184 666/1185
f 664/1186 666/1187 533/1188 532/1189
f 666/1185 665/1184 667/1190 668/1191
f 666/1187 668/1192 538/1193 533/1188
f 668/1191 667/1190 669/1194 670/1195
f 668/1192 670/1196 468/1197 538/1193
f 669/1194 671/1198 672/1199 673/1200
f 669/1194 673/1200 674/1201 670/1195
f 669/1194 667/1190 675/1202 671/1198
f 675/1203 676/1204 677/1205 671/1206
f 675/1202 667/1190 665/1184 678/1207
f 675/1203 678/1208 679/1209 676/1204
f 679/1209 680/1210 681/1211 676/1204
f 679/1212 678/1213 682/1214 683/1215
f 679/1212 683/1215 684/1216 680/1217
f 684/1216 685/1218 686/1219 680/1217
f 684/1216 683/1215 687/1220 688/1221
f 684/1216 688/1221 689/1222 685/1218
f 689/1222 690/1223 470/850 685/1218
f 689/1222 688/1221 691/1224 692/1225
f 689/1222 692/1225 693/1226 690/1223
f 693/1226 694/1227 695/1228 690/1223
f 693/1226 692/1225 696/1229 697/1230
f 693/1226 697/1230 698/1231 694/1227
f 698/1231 699/1232 700/1233 694/1227
f 698/1234 697/1235 701/1236 702/1237
f 698/1234 702/1237 703/1238 699/1239
f 703/1238 704/1240 705/1241 699/1239
f 703/1238 702/1237 706/1242 707/1243
f 703/1238 707/1243 708/1244 704/1240
f 708/1244 608/1061 606/1057 704/1240
f 708/1244 707/1243 709/1245 710/1246
f 708/1244 710/1246 610/1064 608/1061
f 710/1247 709/1248 711/1249 712/1250
f 710/1247 712/1250 612/1069 610/1068
f 712/1250 711/1249 713/1251 714/1252
f 712/1250 714/1252 614/1073 612/1069
f 714/1252 713/1251 633/1253 715/1254
f 714/1252 715/1254 616/1077 614/1073
f 715/1254 633/1253 631/1255 630/1256
f 715/1257 630/1258 618/1082 616/1081
f 713/1251 711/1249 716/1259 636/1122
f 713/1251 636/1122 634/1117 633/1253
f 716/1259 711/1249 709/1248 717/1260
f 716/1259 717/1260 718/1261 719/1262
f 716/1259 719/1262 637/1123 636/1122
f 719/1262 718/1261 720/1263 721/1264
f 719/1262 721/1264 638/1124 637/1123
f 721/1264 720/1263 722/1265 643/1134
f 721/1264 643/1134 640/1128 638/1124
f 722/1266 720/1267 723/1268 724/1269
f 722/1266 724/1269 725/1270 646/1271
f 722/1265 646/1139 644/1135 643/1134
f 725/1270 724/1269 726/1272 727/1273
f 725/1274 727/1275 652/1157 649/1147
f 725/1274 649/1147 647/1142 646/1276
f 727/1273 726/1272 728/1277 729/1278
f 727/1275 729/1279 654/1160 652/1157
f 729/1280 728/1281 691/1224 730/1282
f 729/1280 730/1282 656/1283 654/1284
f 730/1282 691/1224 688/1221 687/1220
f 730/1282 687/1220 731/1285 656/1283
f 731/1285 687/1220 683/1215 682/1214
f 731/1286 682/1287 663/1180 659/1168
f 731/1286 659/1168 657/1167 656/1288
f 728/1281 696/1229 692/1225 691/1224
f 728/1277 726/1272 732/1289 696/1290
f 732/1289 701/1236 697/1235 696/1290
f 732/1289 726/1272 724/1269 723/1268
f 732/1289 723/1268 733/1291 701/1236
f 733/1291 706/1242 702/1237 701/1236
f 733/1291 723/1268 720/1267 718/1292
f 733/1291 718/1292 717/1293 706/1242
f 717/1293 709/1245 707/1243 706/1242
f 705/1294 604/1051 602/1048 734/1295
f 705/1294 734/1295 700/1233 699/1232
f 705/1241 704/1240 606/1057 604/1056
f 734/1295 602/1048 599/1044 598/1043
f 734/1295 598/1043 735/1296 700/1233
f 735/1296 598/1043 596/1039 472/852
f 735/1296 472/852 471/851 695/1228
f 735/1296 695/1228 694/1227 700/1233
f 695/1228 471/851 470/850 690/1223
f 686/1297 469/866 482/865 736/1298
f 686/1297 736/1298 681/1211 680/1210
f 686/1219 685/1218 470/850 469/849
f 736/1298 482/865 737/1299 738/1300
f 736/1298 738/1300 739/1301 681/1211
f 739/1301 738/1300 740/1302 741/1303
f 739/1301 741/1303 742/1304 677/1205
f 739/1301 677/1205 676/1204 681/1211
f 742/1305 741/1306 743/1307 744/1308
f 742/1305 744/1308 745/1309 672/1310
f 742/1304 672/1311 671/1206 677/1205
f 745/1309 744/1308 746/1312 747/1313
f 745/1309 748/1314 673/1315 672/1310
f 749/1316 746/1312 750/1317 751/1318
f 750/1317 752/1319 753/1320 751/1318
f 750/1317 746/1312 744/1308 743/1307
f 750/1317 743/1307 754/1321 752/1319
f 754/1321 755/1322 756/1323 752/1319
f 754/1321 743/1307 741/1306 740/1324
f 754/1325 740/1302 757/1326 755/1327
f 757/1326 758/1328 759/1329 755/1327
f 757/1326 740/1302 738/1300 737/1299
f 757/1326 737/1299 760/1330 758/1328
f 760/1330 761/1331 762/1332 758/1328
f 760/1330 737/1299 482/865 475/857
f 760/1330 475/857 474/856 761/1331
f 762/1332 763/1333 583/1334 764/1335
f 762/1332 764/1335 759/1329 758/1328
f 762/1332 761/1331 592/1032 763/1333
f 764/1336 583/1016 580/1012 579/1011
f 764/1336 579/1011 765/1337 759/1338
f 765/1337 579/1011 575/1007 574/1006
f 765/1337 574/1006 766/1339 756/1323
f 765/1337 756/1323 755/1322 759/1338
f 766/1339 574/1006 570/1001 518/913
f 766/1339 518/913 517/912 753/1320
f 766/1339 753/1320 752/1319 756/1323
f 763/1333 586/1023 584/1022 583/1334
f 763/1333 592/1032 588/1026 586/1023
f 761/1331 474/856 593/1033 592/1032
f 753/1320 517/912 767/1340 751/1318
f 682/1287 678/1207 665/1184 663/1180
f 630/1258 628/1101 620/1086 618/1082
f 601/1047 498/889 481/864 480/863
f 601/1047 505/897 499/890 498/889
f 596/1039 594/1038 473/853 472/852
f 594/1034 593/1033 474/856 473/855
f 582/1020 488/873 491/877 490/876
f 578/1010 577/1009 490/1015 489/1341
f 538/944 537/943 534/939 533/938
f 537/943 536/942 523/926 525/925
f 530/934 529/933 522/918 521/917
f 516/910 515/909 508/901 511/904
f 515/909 502/893 501/892 508/901
f 512/905 509/902 504/896 507/899
f 509/902 501/892 500/891 504/896
f 497/887 492/878 487/872 486/871
f 492/878 491/877 488/873 487/872
f 540/1342 539/1343 536/1344 674/1345
f 536/1344 468/1346 670/1347 674/1345
f 560/1348 557/1349 749/1316 751/1318
f 548/965 545/961 540/960 674/1350
f 560/1348 751/1318 767/1340
f 560/1348 767/1340 517/912
f 560/1348 517/912 465/911
f 548/1351 674/1201 673/1200 748/1352
f 552/969 549/966 548/965 748/1353
f 552/1354 748/1314 745/1309 747/1313
f 556/1355 553/970 552/969 747/1356
f 557/1349 556/1357 747/1313 749/1316
f 747/1313 746/1312 749/1316
f 768/1358 773/1359 772/1360 771/1361
f 768/1358 771/1361 774/1362 775/1363
f 768/1358 775/1363 776/1364 773/1359
f 769/1365 777/1366 778/1367 779/1368
f 769/1365 780/1369 781/1370 777/1366
f 769/1365 779/1368 782/1371 780/1369
f 782/1371 783/1372 784/1373 780/1369
f 784/1373 785/1374 781/1370 780/1369
f 785/1374 786/1375 787/1376 781/1370
f 787/1376 786/1375 773/1377 776/1378
f 787/1376 776/1378 788/1379 789/1380
f 787/1376 789/1380 777/1366 781/1370
f 789/1380 790/1381 778/1367 777/1366
f 791/1382 792/1383 793/1384 794/1385
f 788/1386 776/1387 775/1388 795/1389
f 795/1390 775/1363 774/1362 796/1391
f 796/1391 774/1362 797/1392 798/1393
f 797/1392 774/1362 771/1361 770/1394
f 790/1381 789/1380 788/1379
f 798/1393 797/1392 770/1394
f 770/1395 771/1396 772/1397 798/1398
f 799/1399 801/1400 802/1401 803/1402
f 799/1403 800/1404 804/1405 805/1406
f 799/1407 806/1408 807/1409 801/1410
f 800/1411 808/1412 809/1413 804/1414
f 800/1415 810/1416 811/1417 808/1418
f 807/1419 812/1420 813/1421 801/1422
f 813/1421 812/1420 814/1423 815/1424
f 813/1421 815/1424 816/1425 817/1426
f 813/1421 817/1426 802/1427 801/1422
f 817/1426 816/1425 818/1428 819/1429
f 817/1430 819/1431 820/1432 802/1433
f 820/1434 821/1435 822/1436 802/1437
f 820/1434 819/1438 823/1439 824/1440
f 820/1434 824/1440 825/1441 821/1435
f 825/1441 826/1442 827/1443 821/1435
f 827/1443 828/1444 822/1436 821/1435
f 823/1445 819/1446 818/1447 829/1448
f 806/1449 799/1450 803/1451
f 803/1452 802/1453 822/1454
f 810/1455 800/1456 799/1457 805/1458
f 830/1459 853/1460 831/1461 854/1462
f 830/1459 855/1463 856/1464 853/1460
f 831/1465 853/1466 857/1467 858/1468
f 831/1469 858/1470 859/1471 854/1472
f 832/1473 860/1474 861/1475 862/1476
f 832/1473 862/1476 863/1477 864/1478
f 833/1479 865/1480 864/1478 866/1481
f 833/1482 867/1483 868/1484 865/1485
f 833/1486 866/1487 869/1488 867/1489
f 834/1490 870/1491 871/1492 836/1493
f 834/1494 872/1495 873/1496 870/1497
f 834/1498 835/1499 874/1500 872/1501
f 836/1493 871/1492 875/1502 876/1503
f 837/1504 838/1505 877/1506 878/1507
f 838/1508 879/1509 880/1510 881/1511
f 840/1512 882/1513 847/1514 883/1515
f 841/1516 884/1517 885/1518 886/1519
f 839/1520 844/1521 887/1522 843/1523
f 846/1524 890/1525 859/1526 848/1527
f 847/1528 891/1529 892/1530 883/1531
f 847/1532 882/1533 848/1534 891/1535
f 848/1534 859/1471 858/1470 891/1535
f 849/1536 893/1537 894/1538 895/1539
f 849/1540 896/1541 897/1542 893/1543
f 849/1544 895/1545 898/1546 896/1547
f 850/1548 899/1549 900/1550 901/1551
f 850/1548 902/1552 903/1553 899/1549
f 850/1548 901/1551 904/1554 902/1552
f 851/1555 905/1556 900/1550 906/1557
f 851/1555 907/1558 908/1559 905/1556
f 851/1555 906/1557 909/1560 907/1558
f 852/1561 910/1562 911/1563 912/1564
f 852/1565 912/1566 913/1567 914/1568
f 852/1569 914/1570 915/1571 910/1572
f 915/1571 914/1570 916/1573 917/1574
f 915/1571 917/1574 918/1575 919/1576
f 915/1571 919/1576 920/1577 910/1572
f 920/1578 921/1579 922/1580 923/1581
f 920/1578 923/1581 911/1563 910/1562
f 920/1577 919/1576 924/1582 921/1583
f 924/1582 925/1584 926/1585 921/1583
f 924/1582 919/1576 918/1575 927/1586
f 924/1582 927/1586 903/1553 925/1584
f 927/1586 918/1575 928/1587 929/1588
f 927/1586 929/1588 899/1549 903/1553
f 929/1588 928/1587 909/1560 906/1557
f 929/1588 906/1557 900/1550 899/1549
f 928/1587 918/1575 917/1574 930/1589
f 928/1587 930/1589 931/1590 909/1560
f 931/1590 930/1589 932/1591 933/1592
f 931/1590 933/1592 934/1593 935/1594
f 931/1590 935/1594 907/1558 909/1560
f 935/1594 934/1593 936/1595 937/1596
f 935/1594 937/1596 908/1559 907/1558
f 937/1596 936/1595 938/1597 939/1598
f 937/1596 939/1598 940/1599 908/1559
f 940/1599 939/1598 893/1543 897/1542
f 940/1599 897/1542 941/1600 942/1601
f 940/1599 942/1601 905/1556 908/1559
f 942/1601 941/1600 904/1554 901/1551
f 942/1601 901/1551 900/1550 905/1556
f 941/1600 897/1542 896/1541 943/1602
f 941/1600 943/1602 944/1603 904/1554
f 944/1604 943/1605 945/1606 946/1607
f 944/1603 946/1608 947/1609 948/1610
f 944/1603 948/1610 902/1552 904/1554
f 948/1610 947/1609 926/1585 925/1584
f 948/1610 925/1584 903/1553 902/1552
f 947/1611 946/1607 949/1612 950/1613
f 947/1614 950/1615 951/1616 926/1617
f 951/1616 950/1615 952/1618 953/1619
f 951/1620 953/1621 954/1622 922/1580
f 951/1620 922/1580 921/1579 926/1623
f 954/1622 953/1621 955/1624 956/1625
f 954/1622 956/1625 957/1626 958/1627
f 954/1622 958/1627 923/1581 922/1580
f 958/1627 957/1626 959/1628 960/1629
f 958/1627 960/1629 911/1563 923/1581
f 960/1629 959/1628 961/1630 962/1631
f 960/1629 962/1631 912/1564 911/1563
f 962/1632 961/1633 963/1634 964/1635
f 962/1632 964/1635 913/1567 912/1566
f 964/1635 963/1634 965/1636 966/1637
f 964/1635 966/1637 967/1638 913/1567
f 967/1638 966/1637 968/1639 969/1640
f 967/1638 969/1640 932/1641 916/1642
f 967/1638 916/1642 914/1568 913/1567
f 969/1640 968/1639 970/1643 971/1644
f 969/1640 971/1644 933/1645 932/1641
f 971/1646 970/1647 972/1648 973/1649
f 971/1646 973/1649 934/1650 933/1651
f 973/1652 972/1653 974/1654 975/1655
f 973/1652 975/1655 936/1656 934/1657
f 975/1655 974/1654 976/1658 977/1659
f 975/1655 977/1659 938/1660 936/1656
f 977/1659 976/1658 978/1661 979/1662
f 977/1659 979/1662 894/1538 938/1660
f 979/1662 978/1661 980/1663 981/1664
f 979/1662 981/1664 895/1539 894/1538
f 981/1665 980/1666 982/1667 983/1668
f 981/1665 983/1668 898/1546 895/1545
f 983/1668 982/1667 984/1669 985/1670
f 983/1668 985/1670 945/1606 898/1546
f 985/1670 984/1669 986/1671 949/1612
f 985/1670 949/1612 946/1607 945/1606
f 986/1672 984/1673 987/1674 988/1675
f 986/1676 988/1677 989/1678 952/1618
f 986/1676 952/1618 950/1615 949/1679
f 989/1678 988/1677 990/1680 991/1681
f 989/1678 991/1681 992/1682 955/1683
f 989/1678 955/1683 953/1619 952/1618
f 992/1682 991/1681 993/1684 994/1685
f 992/1686 994/1687 995/1688 996/1689
f 992/1686 996/1689 956/1625 955/1624
f 996/1689 995/1688 997/1690 998/1691
f 996/1689 998/1691 957/1626 956/1625
f 998/1691 997/1690 999/1692 1000/1693
f 998/1691 1000/1693 959/1628 957/1626
f 1000/1693 999/1692 1001/1694 1002/1695
f 1000/1693 1002/1695 961/1630 959/1628
f 1002/1696 1001/1697 1003/1698 1004/1699
f 1002/1696 1004/1699 963/1634 961/1633
f 1004/1699 1003/1698 1005/1700 1006/1701
f 1004/1699 1006/1701 965/1636 963/1634
f 1006/1701 1005/1700 1007/1702 1008/1703
f 1006/1701 1008/1703 1009/1704 965/1636
f 1009/1705 1008/1706 1010/1707 1011/1708
f 1009/1704 1011/1709 970/1643 968/1639
f 1009/1704 968/1639 966/1637 965/1636
f 1011/1708 1010/1707 1012/1710 1013/1711
f 1011/1708 1013/1711 972/1648 970/1647
f 1013/1711 1012/1710 1014/1712 1015/1713
f 1013/1711 1015/1713 974/1714 972/1648
f 1015/1715 1014/1716 1016/1717 1017/1718
f 1015/1715 1017/1718 976/1658 974/1654
f 1017/1718 1016/1717 1018/1719 1019/1720
f 1017/1718 1019/1720 978/1661 976/1658
f 1019/1720 1018/1719 1020/1721 1021/1722
f 1019/1720 1021/1722 980/1663 978/1661
f 1021/1723 1020/1724 1022/1725 1023/1726
f 1021/1727 1023/1728 982/1729 980/1730
f 1023/1726 1022/1725 1024/1731 987/1732
f 1023/1728 987/1674 984/1673 982/1729
f 1024/1733 1022/1734 1025/1735 1026/1736
f 1024/1733 1026/1736 1027/1737 990/1738
f 1024/1731 990/1739 988/1740 987/1732
f 1027/1741 1026/1742 1028/1743 1029/1744
f 1027/1745 1029/1746 1030/1747 993/1684
f 1027/1745 993/1684 991/1681 990/1680
f 1030/1747 1029/1746 1031/1748 1032/1749
f 1030/1747 1032/1749 1033/1750 1034/1751
f 1030/1747 1034/1751 994/1685 993/1684
f 1034/1751 1033/1750 1035/1752 1036/1753
f 1034/1751 1036/1753 995/1754 994/1685
f 1036/1755 1035/1756 1037/1757 1038/1758
f 1036/1755 1038/1758 997/1690 995/1688
f 1038/1758 1037/1757 1039/1759 1040/1760
f 1038/1758 1040/1760 999/1692 997/1690
f 1040/1760 1039/1759 1041/1761 1042/1762
f 1040/1760 1042/1762 1001/1694 999/1692
f 1042/1763 1041/1764 1043/1765 1044/1766
f 1042/1763 1044/1766 1003/1698 1001/1697
f 1044/1766 1043/1765 1045/1767 1046/1768
f 1044/1766 1046/1768 1005/1700 1003/1698
f 1046/1768 1045/1767 1047/1769 1048/1770
f 1046/1768 1048/1770 1007/1702 1005/1700
f 1048/1771 1047/1772 1049/1773 1050/1774
f 1048/1771 1050/1774 1051/1775 1007/1776
f 1051/1775 1050/1774 1052/1777 1053/1778
f 1051/1775 1053/1778 1012/1710 1010/1707
f 1051/1775 1010/1707 1008/1706 1007/1776
f 1053/1778 1052/1777 1054/1779 1055/1780
f 1053/1778 1055/1780 1014/1712 1012/1710
f 1055/1781 1054/1782 1056/1783 1057/1784
f 1055/1781 1057/1784 1016/1717 1014/1716
f 1057/1784 1056/1783 1058/1785 1059/1786
f 1057/1784 1059/1786 1018/1719 1016/1717
f 1059/1786 1058/1785 1060/1787 1061/1788
f 1059/1786 1061/1788 1020/1721 1018/1719
f 1061/1789 1060/1790 1062/1791 1025/1792
f 1061/1793 1025/1735 1022/1734 1020/1794
f 1062/1795 1060/1796 1063/1797 1064/1798
f 1062/1795 1064/1798 1065/1799 1028/1800
f 1062/1791 1028/1743 1026/1742 1025/1792
f 1065/1801 1064/1802 1066/1803 1067/1804
f 1065/1801 1067/1804 1068/1805 1031/1806
f 1065/1799 1031/1807 1029/1808 1028/1800
f 1068/1809 1067/1810 1069/1811 1070/1812
f 1068/1813 1070/1814 1071/1815 1072/1816
f 1068/1813 1072/1816 1032/1749 1031/1748
f 1072/1816 1071/1815 1073/1817 1074/1818
f 1072/1816 1074/1818 1033/1750 1032/1749
f 1074/1818 1073/1817 1075/1819 1076/1820
f 1074/1818 1076/1820 1035/1752 1033/1750
f 1076/1821 1075/1822 1077/1823 1078/1824
f 1076/1821 1078/1824 1037/1757 1035/1756
f 1078/1824 1077/1823 1079/1825 1080/1826
f 1078/1824 1080/1826 1039/1759 1037/1757
f 1080/1826 1079/1825 1081/1827 1082/1828
f 1080/1826 1082/1828 1041/1761 1039/1759
f 1082/1829 1081/1830 1083/1831 1084/1832
f 1082/1829 1084/1832 1043/1765 1041/1764
f 1084/1832 1083/1831 1085/1833 1086/1834
f 1084/1832 1086/1834 1045/1767 1043/1765
f 1086/1834 1085/1833 1087/1835 1088/1836
f 1086/1834 1088/1836 1047/1769 1045/1767
f 1088/1837 1087/1838 1089/1839 1090/1840
f 1088/1837 1090/1840 1049/1773 1047/1772
f 1090/1840 1089/1839 1091/1841 1092/1842
f 1090/1840 1092/1842 1093/1843 1049/1773
f 1093/1843 1092/1842 1094/1844 1095/1845
f 1093/1843 1095/1845 1054/1779 1052/1777
f 1093/1843 1052/1777 1050/1774 1049/1773
f 1095/1846 1094/1847 1096/1848 1097/1849
f 1095/1846 1097/1849 1056/1783 1054/1782
f 1097/1849 1096/1848 1098/1850 1099/1851
f 1097/1849 1099/1851 1058/1785 1056/1783
f 1099/1851 1098/1850 1100/1852 1063/1853
f 1099/1851 1063/1853 1060/1787 1058/1785
f 1100/1852 1098/1850 1101/1854 1102/1855
f 1100/1856 1102/1857 1103/1858 1066/1859
f 1100/1860 1066/1803 1064/1802 1063/1861
f 1103/1858 1102/1857 1104/1862 1105/1863
f 1103/1858 1105/1863 1106/1864 1069/1811
f 1103/1858 1069/1811 1067/1810 1066/1859
f 1106/1864 1105/1863 1107/1865 1108/1866
f 1106/1864 1108/1866 1109/1867 1110/1868
f 1106/1864 1110/1868 1070/1812 1069/1811
f 1110/1869 1109/1870 1111/1871 1112/1872
f 1110/1873 1112/1874 1071/1815 1070/1814
f 1112/1872 1111/1871 1113/1875 1114/1876
f 1112/1874 1114/1877 1073/1817 1071/1815
f 1114/1876 1113/1875 1115/1878 1116/1879
f 1114/1877 1116/1880 1075/1819 1073/1817
f 1116/1879 1115/1878 1117/1881 1118/1882
f 1116/1883 1118/1884 1077/1823 1075/1822
f 1118/1882 1117/1881 1119/1885 1120/1886
f 1118/1884 1120/1887 1079/1825 1077/1823
f 1120/1886 1119/1885 1121/1888 1122/1889
f 1120/1887 1122/1890 1081/1827 1079/1825
f 1122/1889 1121/1888 1123/1891 1124/1892
f 1122/1893 1124/1894 1083/1831 1081/1830
f 1124/1894 1123/1895 1125/1896 1126/1897
f 1124/1894 1126/1897 1085/1833 1083/1831
f 1126/1898 1125/1899 1127/1900 1128/1901
f 1126/1897 1128/1902 1087/1835 1085/1833
f 1128/1901 1127/1900 1129/1903 1130/1904
f 1128/1901 1130/1904 1089/1905 1087/1906
f 1130/1904 1129/1903 1131/1907 1132/1908
f 1130/1904 1132/1908 1091/1909 1089/1905
f 1132/1908 1131/1907 1133/1910 1134/1911
f 1132/1908 1134/1911 1135/1912 1091/1909
f 1135/1913 1134/1914 1136/1915 1137/1916
f 1135/1913 1137/1916 1096/1848 1094/1847
f 1135/1917 1094/1844 1092/1842 1091/1841
f 1137/1916 1136/1915 1138/1918 1101/1854
f 1137/1916 1101/1854 1098/1850 1096/1848
f 1138/1919 1136/1920 1139/1921 1140/1922
f 1138/1923 1140/1924 1141/1925 1104/1862
f 1138/1918 1104/1926 1102/1855 1101/1854
f 1141/1927 1140/1928 1142/1929 1143/1930
f 1141/1927 1143/1930 1144/1931 1107/1932
f 1141/1925 1107/1865 1105/1863 1104/1862
f 1144/1933 1143/1934 1145/1935 1146/1936
f 1144/1933 1146/1936 1147/1937 1148/1938
f 1144/1931 1148/1939 1108/1940 1107/1932
f 1148/1938 1147/1937 1149/1941 1150/1942
f 1148/1939 1150/1943 1109/1870 1108/1940
f 1150/1942 1149/1941 887/1944 1151/1945
f 1150/1943 1151/1946 1111/1871 1109/1870
f 1151/1946 887/1947 1152/1948 1153/1949
f 1151/1946 1153/1949 1113/1875 1111/1871
f 1153/1949 1152/1948 878/1950 1154/1951
f 1153/1949 1154/1951 1115/1878 1113/1875
f 1154/1951 878/1950 877/1952 1155/1953
f 1154/1951 1155/1953 1117/1881 1115/1878
f 1155/1953 877/1952 1156/1954 1157/1955
f 1155/1953 1157/1955 1119/1885 1117/1881
f 1157/1955 1156/1954 876/1956 1158/1957
f 1157/1955 1158/1957 1121/1888 1119/1885
f 1158/1957 876/1956 875/1958 1159/1959
f 1158/1957 1159/1959 1123/1891 1121/1888
f 1159/1959 875/1958 1160/1960 1161/1961
f 1159/1959 1161/1961 1125/1962 1123/1891
f 1161/1961 1160/1960 1162/1963 1163/1964
f 1161/1961 1163/1964 1127/1965 1125/1962
f 1163/1966 1162/1967 863/1968 1164/1969
f 1163/1964 1164/1970 1129/1971 1127/1965
f 1164/1969 863/1968 862/1972 1165/1973
f 1164/1970 1165/1974 1131/1975 1129/1971
f 1165/1973 862/1972 861/1976 1166/1977
f 1165/1974 1166/1978 1133/1979 1131/1975
f 1166/1978 861/1980 1167/1981 1168/1982
f 1166/1978 1168/1982 1139/1983 1133/1979
f 1168/1982 1167/1981 1169/1984 1142/1929
f 1168/1982 1142/1929 1140/1928 1139/1983
f 1169/1985 1167/1986 1170/1987 1171/1988
f 1169/1989 1171/1990 890/1991 1145/1935
f 1169/1989 1145/1935 1143/1934 1142/1992
f 1167/1986 861/1993 860/1994 1170/1987
f 1162/1995 1160/1996 869/1488 866/1487
f 1162/1997 866/1481 864/1478 863/1477
f 1160/1996 875/1502 871/1492 869/1488
f 1147/1937 1146/1936 846/1998 889/1999
f 1147/2000 889/2001 1172/2002 1149/2003
f 1146/1936 1145/1935 890/1991 846/1998
f 1139/1921 1136/1920 1134/1911 1133/1910
f 945/1606 943/1605 896/1547 898/1546
f 939/1598 938/1597 894/2004 893/1543
f 932/1591 930/1589 917/1574 916/1573
f 892/1530 880/1510 879/1509 883/1531
f 892/1530 891/1529 858/1468 857/1467
f 892/1530 857/1467 1173/2005 880/1510
f 1173/2005 857/1467 853/1466 856/2006
f 1173/2005 856/2006 1174/2007 1175/2008
f 1173/2005 1175/2008 881/1511 880/1510
f 1175/2008 1174/2007 868/1484 873/1496
f 1175/2008 873/1496 872/1495 881/1511
f 1174/2007 856/2006 855/2009 1176/2010
f 1174/2007 1176/2010 865/1485 868/1484
f 890/1525 1171/2011 854/2012 859/1526
f 889/2001 888/2013 845/2014 1172/2002
f 888/2013 848/2015 882/2016 845/2014
f 881/2017 872/1501 874/1500 838/1505
f 877/1506 838/1505 874/1500 1156/2018
f 879/2019 838/1505 837/1504 1177/2020
f 873/1496 868/1484 867/1483 870/1497
f 871/1492 870/1491 867/1489 869/1488
f 846/1524 848/1527 888/2021 889/2022
f 884/1517 841/1516 886/1519
f 1171/1988 1170/1987 830/2023 854/2024
f 1170/1987 860/1994 855/2025 830/2023
f 860/1474 832/1473 1176/2026 855/2027
f 832/1473 864/1478 865/1480 1176/2026
f 876/2028 835/1499 834/1498 836/2029
f 876/2028 1156/2018 874/1500 835/1499
f 842/2030 843/2031 887/2032 844/2033
f 839/2034 843/2031 842/2030 844/2033
f 1178/2035 1182/2036 1183/2037 1184/2038
f 1178/2035 1179/2039 1185/2040 1182/2036
f 1178/2041 1184/2042 1187/2043 1186/2044
f 1180/2045 1182/2036 1185/2040 1181/2046
f 1180/2045 1181/2046 1189/2047 1190/2048
f 1180/2045 1190/2048 1191/2049 1192/2050
f 1180/2045 1192/2050 1183/2037 1182/2036
f 1181/2051 1188/2052 1186/2044 1187/2043
f 1181/2051 1187/2043 1193/2053 1194/2054
f 1181/2051 1194/2054 1195/2055 1189/2056
f 1195/2055 1194/2054 1196/2057 1197/2058
f 1195/2055 1197/2058 1198/2059 1199/2060
f 1195/2055 1199/2060 1200/2061 1189/2056
f 1200/2062 1201/2063 1190/2048 1189/2047
f 1201/2063 1202/2064 1191/2049 1190/2048
f 1202/2064 1203/2065 1204/2066 1191/2049
f 1204/2066 1203/2065 1205/2067 1206/2068
f 1204/2066 1206/2068 1207/2069 1208/2070
f 1204/2066 1208/2070 1192/2050 1191/2049
f 1208/2070 1207/2069 1209/2071 1210/2072
f 1208/2070 1210/2072 1183/2037 1192/2050
f 1210/2072 1209/2071 1211/2073 1212/2074
f 1210/2072 1212/2074 1184/2038 1183/2037
f 1212/2075 1211/2076 1213/2077 1193/2053
f 1212/2075 1193/2053 1187/2043 1184/2042
f 1213/2077 1211/2076 1214/2078 1215/2079
f 1213/2077 1215/2079 1216/2080 1196/2057
f 1213/2077 1196/2057 1194/2054 1193/2053
f 1216/2080 1215/2079 1217/2081 1218/2082
f 1216/2080 1218/2082 1219/2083 1220/2084
f 1216/2080 1220/2084 1197/2058 1196/2057
f 1220/2084 1219/2083 1221/2085 1222/2086
f 1220/2084 1222/2086 1198/2059 1197/2058
f 1221/2085 1219/2083 1223/2087 1224/2088
f 1224/2088 1223/2087 1225/2089 1226/2090
f 1226/2090 1225/2089 1227/2091 1228/2092
f 1228/2092 1227/2091 1229/2093 1230/2094
f 1230/2094 1229/2093 1231/2095 1232/2096
f 1233/2097 1234/2098 1235/2099 1236/2100
f 1236/2100 1235/2099 1237/2101 1238/2102
f 1238/2102 1237/2101 1239/2103 1240/2104
f 1240/2104 1239/2103 1241/2105 1242/2106
f 1242/2106 1241/2105 1243/2107 1244/2108
f 1244/2108 1243/2107 1245/2109 1246/2110
f 1246/2110 1245/2109 1206/2068 1205/2067
f 1245/2109 1243/2107 1247/2111 1248/2112
f 1245/2109 1248/2112 1207/2069 1206/2068
f 1248/2112 1247/2111 1249/2113 1250/2114
f 1248/2112 1250/2114 1209/2071 1207/2069
f 1250/2114 1249/2113 1251/2115 1214/2116
f 1250/2114 1214/2116 1211/2073 1209/2071
f 1251/2115 1249/2113 1252/2117 1253/2118
f 1251/2119 1253/2120 1254/2121 1217/2081
f 1251/2119 1217/2081 1215/2079 1214/2078
f 1254/2121 1253/2120 1255/2122 1256/2123
f 1254/2121 1256/2123 1257/2124 1258/2125
f 1254/2121 1258/2125 1218/2082 1217/2081
f 1258/2125 1257/2124 1225/2089 1223/2087
f 1258/2125 1223/2087 1219/2083 1218/2082
f 1257/2124 1256/2123 1259/2126 1260/2127
f 1257/2124 1260/2127 1227/2091 1225/2089
f 1261/2128 1262/2129 1260/2130
f 1260/2131 1259/2132 1261/2133
f 1260/2127 1262/2134 1229/2093 1227/2091
f 1235/2135 1234/2136 1231/2137 1229/2138
f 1262/2139 1235/2140 1229/2141
f 1262/2142 1261/2143 1237/2101 1235/2099
f 1261/2143 1259/2144 1263/2145 1264/2146
f 1261/2143 1264/2146 1239/2103 1237/2101
f 1264/2146 1263/2145 1252/2117 1265/2147
f 1264/2146 1265/2147 1241/2105 1239/2103
f 1265/2147 1252/2117 1249/2113 1247/2111
f 1265/2147 1247/2111 1243/2107 1241/2105
f 1263/2145 1255/2148 1253/2118 1252/2117
f 1263/2149 1259/2150 1256/2151
f 1255/2152 1263/2153 1256/2154
f 1178/2041 1186/2044 1188/2052 1179/2155
f 1179/2156 1188/2157 1181/2158 1185/2159
f 1232/2160 1231/2161 1234/2098 1233/2097
f 1267/2162 1268/2163 1269/2164 1270/2165
f 1267/2162 1270/2165 1271/2166 1272/2167
f 1267/2162 1272/2167 1273/2168 1268/2163
f 1273/2168 1272/2167 1274/2169 1275/2170
f 1276/2171 1277/2172 1266/2173 1278/2174
f 1274/2175 1272/2176 1271/2177
f 1278/2178 1266/2179 1277/2180
f 1279/2181 1282/2182 1283/2183 1284/2184
f 1279/2181 1284/2184 1285/2185 1286/2186
f 1280/2187 1281/2188 1287/2189 1288/2190
f 1280/2187 1289/2191 1290/2192 1281/2188
f 1280/2187 1291/2193 1292/2194 1289/2191
f 1281/2195 1293/2196 1294/2197 1295/2198
f 1281/2188 1290/2192 1296/2199 1293/2200
f 1281/2201 1295/2202 1297/2203 1287/2204
f 1297/2205 1295/2206 1298/2207 1299/2208
f 1298/2207 1300/2209 1301/2210 1299/2208
f 1292/2211 1291/2212 1303/2213 1304/2214
f 1304/2215 1303/2216 1305/2217 1306/2218
f 1306/2219 1305/2220 1286/2186 1285/2185
f 1283/2183 1282/2182 1307/2221 1308/2222
f 1308/2222 1307/2221 1309/2223 1310/2224
f 1310/2225 1309/2226 1311/2227 1312/2228
f 1303/2229 1291/2193 1280/2187 1288/2190
f 1300/2209 1298/2207 1295/2206 1294/2230
f 1307/2221 1282/2182 1279/2181 1286/2186
f 1312/2228 1309/2226 1307/2231 1286/2232
f 1312/2228 1311/2227 1309/2226
f 1294/2233 1302/2234 1301/2235 1300/2236
f 1313/2237 1314/2238 1315/2239 1316/2240
f 1313/2237 1317/2241 1318/2242 1314/2238
f 1313/2243 1319/2244 1320/2245 1317/2246
f 1313/2237 1321/2247 1322/2248 1319/2249
f 1318/2242 1323/2250 1324/2251 1314/2238
f 1324/2251 1325/2252 1315/2239 1314/2238
f 1321/2247 1313/2237 1316/2240
f 1326/2253 1327/2254 1328/2255 1329/2256
f 1326/2257 1329/2258 1330/2259 1331/2260
f 1328/2255 1327/2254 1332/2261 1333/2262
f 1332/2263 1327/2264 1326/2265 1331/2266
f 1334/2267 1335/2268 1336/2269 1337/2270
f 1336/2269 1338/2271 1339/2272 1337/2270
f 1338/2273 1342/2274 1343/2275 1340/2276
f 1343/2277 1344/2278 1345/2279 1340/2280
f 1343/2281 1342/2282 1346/2283 1347/2284
f 1343/2277 1347/2285 1348/2286 1344/2278
f 1346/2287 1342/2288 1336/2289 1335/2290
f 1345/2279 1349/2291 1341/2292 1340/2280
f 1349/2291 1350/2293 1351/2294 1341/2292
f 1351/2295 1350/2296 1352/2297 1353/2298
f 1351/2299 1353/2300 1339/2272 1338/2271
f 1338/2271 1336/2269 1342/2301
f 1338/2302 1340/2303 1341/2304 1351/2305
